Top_Left,Top_Center,Top_Right,Side_Right,Bottom_Center,Side_Left,Steering,Throttle
0,36,51,42,95,88,128,113
0,108,184,30,134,86,178,115
0,0,0,48,135,81,178,116
190,0,0,56,180,74,110,117
113,0,0,71,95,73,-169,-164
175,277,0,47,98,172,0,117
300,260,197,45,102,52,90,118
281,233,0,62,276,170,42,117
215,0,150,66,88,237,39,118
245,142,135,134,168,239,70,121
124,105,90,130,210,188,59,123
280,129,63,134,93,193,91,121
244,109,89,146,287,136,89,122
202,177,64,33,192,133,125,121
166,146,68,56,220,136,-169,122
125,122,116,61,69,132,-169,-164
92,103,116,139,79,160,178,122
68,55,61,122,93,129,178,121
37,34,69,119,107,114,179,122
129,11,76,122,116,110,-169,86
0,12,76,121,116,0,56,77
92,0,100,119,107,0,21,63
101,0,50,117,132,0,17,60
112,112,81,112,103,118,16,61
0,125,93,109,90,66,16,60
0,101,107,155,82,71,-169,-164
0,139,102,123,84,64,-169,-164
0,70,119,105,108,69,-169,118
0,0,0,95,128,89,-169,-164
0,0,113,112,151,87,158,119
209,0,164,90,184,76,112,118
268,0,170,140,112,78,112,118
147,143,273,0,245,95,92,118
116,113,0,253,252,79,91,120
91,196,194,242,287,133,-169,-164
70,0,164,241,0,150,59,120
298,126,124,178,0,63,61,120
110,170,91,150,0,67,90,120
103,135,147,166,0,79,89,120
164,168,179,94,0,84,84,121
135,135,66,38,0,78,82,121
106,102,107,33,0,87,86,121
73,69,75,162,103,98,94,122
68,44,42,23,107,64,118,120
81,18,21,25,116,62,120,88
81,19,22,25,116,63,90,83
28,22,26,23,111,65,91,75
30,28,31,24,108,68,85,76
55,31,35,23,105,69,79,71
43,41,42,132,96,96,80,66
56,54,51,23,159,97,80,64
70,68,69,165,92,100,79,65
83,80,90,28,0,94,80,64
103,100,101,26,107,89,80,65
117,113,120,25,90,101,80,65
101,134,138,25,0,90,80,64
122,75,155,144,0,102,-169,65
145,166,169,131,0,104,20,64
97,174,107,71,0,103,0,65
100,156,110,117,0,103,49,88
100,143,105,23,0,102,80,114
147,143,159,64,0,94,-169,-164
87,125,121,42,102,79,119,122
52,102,90,60,94,64,131,121
23,36,76,71,0,56,-169,-164
34,77,77,111,0,67,32,68
40,36,89,70,0,74,0,60
55,58,66,127,105,137,0,60
60,70,105,64,20,150,1,61
69,68,134,142,13,173,-169,-164
69,70,69,142,13,0,90,89
68,68,57,142,13,0,89,87
30,69,145,143,13,87,90,87
78,74,83,144,15,73,-169,106
66,72,120,65,25,153,-169,-164
59,61,154,141,41,142,91,114
34,40,129,127,57,117,91,98
42,40,139,127,54,142,85,70
43,50,113,45,98,0,2,61
56,55,69,139,16,0,0,63
66,64,67,141,12,0,44,85
66,64,66,141,12,0,86,88
86,57,75,141,22,0,90,112
103,45,49,143,37,0,89,113
100,29,46,62,54,139,90,111
29,22,106,64,54,0,89,78
54,47,63,86,23,0,86,57
101,63,70,142,11,0,72,86
67,63,69,141,11,0,100,86
84,64,68,140,12,0,171,96
107,63,71,142,24,0,179,118
59,37,53,147,44,0,178,117
100,35,23,159,58,0,157,89
98,35,113,158,57,0,17,87
97,35,114,159,56,0,-169,-164
99,36,42,134,55,0,0,69
107,51,54,156,44,0,0,63
121,115,71,151,86,0,0,63
124,122,83,148,88,164,0,63
144,137,89,147,89,202,18,88
135,129,88,149,91,0,91,110
0,112,76,198,69,103,150,117
268,92,103,206,86,143,177,115
250,83,85,77,103,126,177,117
0,222,282,73,201,139,178,122
278,0,215,78,126,108,177,122
227,240,0,74,132,153,-169,-164
191,234,0,201,145,142,-169,123
174,175,178,190,140,166,123,123
142,129,114,217,0,137,122,120
112,150,104,0,0,113,126,120
96,181,150,96,218,110,114,120
72,151,153,114,211,100,96,120
118,116,115,46,0,76,-169,119
87,82,83,42,163,82,-169,-164
62,55,55,76,110,26,179,119
131,33,33,100,184,31,179,121
104,112,115,119,95,33,178,120
81,82,245,38,122,44,77,121
55,228,0,48,77,72,49,120
58,202,252,64,106,54,-169,-164
158,195,0,49,91,0,45,120
154,140,211,63,110,260,-169,-164
138,154,78,65,163,163,7,121
132,127,71,60,114,148,84,120
104,116,90,51,140,157,111,121
77,85,83,103,113,242,124,120
100,78,58,111,122,69,104,120
38,78,51,98,95,62,115,120
53,45,45,40,122,23,77,121
29,24,24,37,138,188,89,87
82,23,25,38,135,22,89,77
36,29,35,39,120,27,79,59
23,56,50,84,94,62,60,57
30,94,88,111,100,228,30,56
61,58,134,68,41,177,9,58
177,0,144,64,15,183,8,59
175,249,0,65,13,181,92,91
183,0,95,65,19,181,128,112
153,225,92,101,44,0,150,120
127,136,0,82,73,0,152,119
102,108,109,160,103,0,84,119
88,114,128,0,136,155,90,119
103,100,101,22,168,136,111,119
53,64,66,0,200,70,87,120
42,37,49,0,229,67,86,119
19,21,30,0,243,37,88,87
19,32,31,0,239,83,90,69
39,31,51,0,220,31,88,62
40,53,65,0,196,64,90,63
55,70,81,245,180,120,89,65
41,92,96,0,159,136,90,63
61,94,123,22,135,137,89,62
83,82,146,167,104,0,48,58
99,123,115,97,92,122,11,58
0,126,132,82,75,112,40,64
148,135,210,83,78,113,100,101
142,121,118,87,94,113,129,117
121,99,94,0,117,120,122,116
111,0,75,0,142,122,131,117
90,0,0,106,166,127,139,116
44,0,0,101,98,139,-169,-164
0,0,0,78,113,146,138,88
0,20,0,102,97,137,60,60
166,57,52,105,72,128,25,59
139,86,0,106,101,122,25,58
124,116,120,107,20,148,31,66
124,124,133,107,21,146,91,90
123,125,134,103,0,123,90,107
118,119,0,91,45,116,91,116
103,100,99,89,213,114,-169,116
104,147,67,132,93,106,125,116
95,108,261,0,122,111,129,116
73,109,95,240,0,74,96,118
59,73,68,39,184,59,102,117
80,118,91,0,0,52,-169,117
123,54,51,42,208,70,134,117
181,94,38,40,229,57,139,118
149,126,41,39,109,39,165,119
111,114,92,30,90,31,93,119
91,83,169,26,86,126,-169,-164
46,45,165,28,64,176,0,119
40,127,133,73,75,46,0,122
107,0,118,114,87,45,40,120
99,237,0,116,79,105,-169,-164
258,220,152,119,105,80,91,121
168,162,220,201,91,108,92,120
118,124,186,148,134,112,97,120
99,183,154,236,133,188,71,121
72,53,118,0,166,153,91,118
64,24,121,125,222,134,91,114
118,14,19,0,225,116,89,86
67,14,21,118,0,114,-169,-164
69,18,95,124,205,154,25,71
61,119,104,128,178,299,0,62
58,74,144,129,157,296,0,62
75,102,151,104,126,188,91,92
68,69,82,130,252,193,178,115
112,34,54,141,201,172,-169,123
99,55,68,58,264,172,178,122
184,161,62,46,195,139,137,123
146,135,123,37,233,156,-169,-164
106,100,104,52,95,140,172,122
116,78,70,109,49,127,177,123
83,131,82,97,70,159,177,122
48,43,92,62,104,127,178,122
64,55,57,74,123,126,-169,89
57,22,53,74,123,126,92,79
58,67,69,72,106,149,-169,-164
81,62,104,72,95,0,92,56
95,91,94,73,70,0,92,64
100,93,100,75,69,0,92,96
98,94,92,73,77,0,90,109
88,85,78,75,84,103,88,108
107,72,78,60,90,0,178,111
92,93,65,65,86,155,178,115
115,51,52,88,103,171,178,115
105,52,120,120,90,157,179,117
98,96,97,50,101,128,178,116
79,73,75,48,115,120,145,117
267,49,54,44,141,145,129,116
246,240,159,47,120,139,144,116
220,214,218,65,93,138,145,117
195,137,106,69,107,135,119,116
172,163,167,196,107,131,91,116
147,138,139,111,87,134,115,117
148,116,115,114,110,140,94,116
143,136,134,180,123,185,91,121
108,148,0,167,157,199,91,122
0,237,104,137,103,212,-169,-164
109,155,249,21,95,96,76,121
109,185,117,137,113,99,69,121
118,87,170,124,156,96,59,120
132,129,129,23,0,56,71,121
105,94,96,24,0,102,-169,-164
64,64,59,20,85,99,134,121
95,40,38,32,59,121,178,121
88,32,22,49,83,178,178,119
59,61,64,111,62,151,-169,-164
35,31,36,21,83,140,-169,118
21,18,29,20,86,0,91,88
21,18,31,20,86,141,-169,84
24,21,28,21,83,136,39,75
68,25,31,22,78,0,0,67
42,42,43,26,62,0,0,62
51,120,64,27,48,108,0,61
143,67,90,36,34,105,0,69
169,65,72,73,36,101,-169,-164
0,61,138,80,51,104,144,117
139,40,38,93,60,103,147,116
185,0,121,77,63,109,-169,119
160,150,0,28,86,102,174,119
0,120,122,24,109,102,157,120
106,91,89,23,86,101,-169,-164
0,0,66,28,178,111,-169,121
151,0,0,35,89,113,92,121
116,0,195,40,123,139,90,122
103,139,135,24,288,263,49,121
251,120,107,140,0,104,90,121
227,111,91,107,69,86,89,122
121,107,122,42,104,0,99,121
250,112,108,68,144,180,-169,121
214,186,97,58,178,135,109,121
167,153,66,55,217,137,89,123
126,108,113,66,91,132,-169,123
100,84,75,113,46,126,178,122
89,85,56,96,69,132,178,124
52,104,85,69,103,137,178,123
63,67,68,68,147,163,148,91
60,55,58,67,132,134,90,86
66,29,71,67,113,167,81,63
76,85,96,59,111,0,61,58
97,77,77,74,83,90,27,59
113,108,109,72,60,60,2,55
0,143,158,72,44,73,16,87
210,156,142,82,48,61,-169,-164
250,123,111,90,87,63,89,126
221,118,97,120,126,114,96,127
0,108,44,70,153,126,-169,127
165,106,96,68,187,148,-169,127
0,214,0,94,118,148,-169,-164
173,131,130,142,96,141,149,127
0,141,135,178,122,150,87,128
130,136,152,59,197,224,69,127
134,162,78,127,279,108,67,127
135,115,70,128,0,107,72,127
158,145,136,15,0,108,87,128
103,95,91,15,76,107,110,128
74,57,51,27,90,97,-169,127
93,87,35,61,93,158,178,128
121,41,58,38,76,132,178,108
103,37,49,37,78,129,-169,-164
114,39,55,40,68,141,53,63
112,108,87,47,34,0,-169,-164
116,78,113,45,7,77,89,87
128,82,114,45,6,79,91,88
117,84,115,45,6,77,-169,-164
186,79,82,46,15,76,123,114
138,58,57,68,74,78,-169,124
0,50,0,59,84,147,-169,124
0,0,118,45,92,83,153,125
0,94,86,45,160,134,108,125
0,235,0,44,216,204,91,128
274,157,152,289,277,122,92,133
0,116,112,111,0,138,92,133
126,121,135,44,101,240,92,131
194,208,104,36,162,139,-169,-164
150,165,72,49,0,133,100,131
110,111,104,133,81,157,172,132
63,45,47,106,91,127,172,126
35,26,27,113,109,123,129,86
35,52,28,113,103,121,54,65
52,56,75,107,81,0,-169,-164
125,88,100,110,79,54,26,55
0,134,129,100,84,87,47,65
0,191,144,99,90,44,90,86
0,201,119,100,92,47,89,115
0,119,103,120,122,102,97,121
0,131,88,125,153,107,129,121
0,0,98,76,176,138,132,120
236,110,110,75,187,124,133,120
201,134,108,109,168,144,133,120
167,124,98,129,120,142,133,121
163,125,94,153,100,145,-169,-164
132,100,95,182,71,140,-169,-164
106,0,237,195,100,182,84,120
0,125,116,189,206,207,60,120
295,164,84,139,279,97,46,120
121,106,52,73,0,110,47,121
202,97,98,12,0,106,109,120
159,65,147,16,0,110,96,120
120,112,110,15,94,108,89,121
91,74,76,114,92,105,121,120
71,54,54,22,90,101,177,120
98,103,36,67,69,105,179,121
68,64,70,41,57,149,-169,120
40,32,45,31,82,120,-169,-164
98,22,23,31,90,229,108,87
99,24,25,31,87,0,85,72
107,42,47,33,63,0,67,55
107,118,94,36,27,88,19,55
0,83,92,33,9,128,-169,-164
125,84,111,33,10,89,89,90
0,81,111,36,19,129,-169,-164
0,64,64,113,58,88,137,114
133,106,50,67,75,117,133,119
175,0,155,89,94,0,146,119
0,0,0,118,95,100,-169,120
110,109,113,23,126,103,165,121
0,0,75,24,93,104,142,121
171,246,246,29,129,97,93,121
0,209,211,31,105,127,92,121
0,170,147,0,274,266,91,121
289,111,110,139,0,282,47,121
106,91,92,94,0,283,90,121
253,129,99,36,89,298,102,122
138,114,99,126,129,117,92,122
255,47,92,29,164,113,110,123
182,152,58,53,205,141,91,123
141,115,116,49,80,148,-169,124
103,85,85,80,37,126,135,123
107,69,59,100,56,110,178,123
75,123,103,91,89,118,178,124
43,39,81,59,133,174,178,123
58,51,60,60,119,173,91,87
59,51,63,61,110,172,51,86
59,57,61,60,117,172,48,80
70,26,69,60,108,175,49,62
79,40,45,57,86,0,49,61
109,61,65,48,66,111,49,61
120,83,86,67,66,100,-169,-164
134,103,102,49,54,86,89,77
137,103,103,51,59,104,90,106
117,112,72,60,87,153,89,122
104,67,86,77,99,149,144,123
119,38,32,45,88,163,143,122
89,105,0,34,117,168,-169,122
0,44,43,37,99,153,149,123
0,96,91,43,97,156,91,122
272,121,208,84,46,163,-169,-164
231,118,93,125,84,190,134,122
196,109,83,159,120,162,131,123
148,70,66,112,97,190,114,123
122,298,270,172,218,212,72,122
136,135,99,129,256,106,63,122
262,211,126,131,0,111,62,122
185,84,176,71,0,111,61,124
135,127,137,7,92,111,108,125
101,82,84,193,85,108,121,124
63,49,47,165,89,99,177,124
98,43,33,56,42,125,177,125
56,49,55,36,72,0,177,124
101,90,89,34,95,111,92,87
95,82,88,34,94,114,90,84
101,99,50,35,75,131,86,58
51,60,75,39,43,0,26,57
160,68,99,41,24,87,0,62
185,125,85,39,95,82,-169,85
186,116,120,40,143,81,89,105
221,73,74,58,87,134,151,117
130,116,57,109,70,77,158,118
174,151,0,106,83,0,140,122
0,125,0,43,97,85,-169,122
0,94,101,44,93,86,146,121
0,263,73,40,182,87,107,121
0,228,0,41,219,133,90,122
0,165,162,48,131,131,98,122
293,128,136,150,0,141,95,124
270,100,97,107,63,270,95,128
202,116,63,51,109,231,95,128
245,112,72,66,162,138,-169,-164
156,165,76,52,220,132,-169,-164
132,114,113,54,86,125,-169,-164
87,90,84,117,72,128,166,128
45,35,82,80,108,112,178,127
54,49,54,80,122,150,-169,-164
49,50,58,81,122,147,92,85
61,66,65,83,108,0,6,52
72,56,62,84,85,0,0,53
0,111,100,104,57,94,0,53
82,0,141,106,42,130,57,87
83,0,178,176,46,131,90,109
152,165,119,165,76,62,89,120
0,170,127,111,110,111,90,122
0,145,142,116,136,107,90,121
0,229,132,80,172,123,124,121
0,195,130,99,198,122,114,121
181,139,176,46,235,130,126,122
150,105,124,149,97,141,120,122
160,104,92,189,127,141,-169,-164
0,72,70,180,70,196,-169,-164
0,84,84,175,98,209,115,121
140,167,117,0,237,101,91,121
113,109,107,134,0,111,83,122
117,180,191,69,0,109,67,122
156,62,141,18,0,107,67,121
116,106,106,16,114,110,-169,122
85,70,71,150,97,104,111,121
53,42,41,84,97,104,143,121
89,26,19,74,90,104,180,122
76,75,77,111,93,74,179,123
45,45,51,0,65,64,177,102
50,45,54,16,65,61,75,74
50,52,59,21,49,0,29,54
71,79,86,30,24,182,60,87
75,84,82,30,29,0,-169,-164
120,62,67,33,52,0,178,120
127,28,119,44,84,0,178,118
204,0,112,51,88,0,90,88
0,0,75,79,72,109,28,55
0,148,153,95,88,111,60,87
0,0,151,91,89,128,119,118
0,119,0,64,54,81,143,121
0,93,0,37,85,151,143,121
203,115,116,33,98,93,143,122
174,0,88,37,109,89,123,121
137,0,52,42,194,82,-169,121
0,0,0,48,108,81,104,121
256,297,171,40,147,105,93,121
0,186,140,167,0,247,25,123
221,104,106,116,0,264,80,123
0,96,54,52,92,113,-169,123
264,112,120,139,0,183,101,122
252,197,68,38,168,122,-169,122
156,161,65,40,0,133,82,122
148,128,129,49,246,151,89,123
104,101,97,42,97,132,121,123
105,49,70,92,62,130,177,122
115,58,51,82,79,122,177,122
51,97,100,53,112,188,178,123
65,27,28,53,109,178,174,107
43,64,74,55,115,180,-169,-164
74,40,44,51,104,186,85,55
74,62,117,51,78,105,32,55
107,101,100,57,58,114,66,86
107,98,97,52,70,85,91,121
102,73,71,75,83,140,141,122
111,59,91,117,98,141,150,122
94,89,102,57,110,141,158,124
102,56,55,43,96,139,166,122
238,175,107,61,95,133,122,122
202,133,111,109,117,127,121,123
236,146,100,203,81,133,-169,122
149,108,108,198,116,130,81,122
127,254,130,190,155,185,76,122
0,127,94,185,102,191,89,122
0,114,92,0,268,97,90,123
119,136,226,135,0,104,69,123
126,103,101,13,0,107,66,122
159,145,145,14,0,106,100,122
124,109,109,13,92,106,91,122
85,70,78,110,97,106,91,122
70,42,43,135,96,104,178,121
100,70,23,54,159,102,180,121
73,70,76,121,52,73,178,120
43,40,86,18,77,0,-169,-164
22,18,60,16,87,0,90,88
23,18,39,17,86,0,91,82
28,26,32,19,74,0,78,65
43,41,47,21,61,0,22,65
52,53,56,24,52,0,0,66
63,63,79,25,33,104,0,62
141,79,91,25,25,102,10,86
176,76,92,27,31,101,-169,-164
149,143,85,91,56,111,-169,121
193,0,0,74,59,112,177,122
161,0,0,25,83,134,174,121
0,117,135,22,113,103,112,121
0,250,0,23,88,102,-169,122
160,254,50,28,125,99,92,122
0,217,211,32,103,135,92,125
290,149,146,24,278,267,91,125
277,110,101,139,0,137,71,127
143,77,74,110,82,285,100,126
151,113,110,132,130,111,-169,-164
235,209,68,64,180,130,91,126
187,153,72,47,0,133,111,127
112,113,109,131,75,145,178,126
75,66,103,112,73,135,179,127
43,26,29,109,103,125,172,113
33,58,20,111,114,123,130,88
31,63,24,108,101,127,-169,-164
112,46,55,110,87,0,38,53
118,83,87,105,84,59,39,54
0,126,124,98,72,48,43,54
0,145,143,91,55,44,84,88
195,185,135,105,70,37,-169,-164
0,154,0,117,107,107,90,122
153,100,95,119,140,115,-169,-164
0,111,108,80,109,112,118,122
227,223,115,76,200,120,156,124
190,126,139,40,234,128,156,124
282,130,101,203,91,134,127,123
140,108,105,195,129,132,103,123
0,119,165,189,173,185,88,123
0,168,114,64,249,225,71,124
130,120,67,13,0,111,-169,125
123,109,107,66,0,108,95,125
160,151,155,15,0,111,78,125
111,102,103,11,69,107,83,126
76,59,59,11,79,107,151,125
100,36,32,81,105,113,178,125
73,71,75,135,54,73,-169,-164
35,29,30,23,85,0,-169,123
18,9,49,22,92,147,91,86
18,16,26,23,81,0,90,61
46,40,49,26,55,0,-169,-164
112,61,77,29,31,99,0,61
176,81,104,30,92,0,1,64
186,118,86,40,92,130,-169,-164
152,80,106,85,79,95,134,117
0,107,53,107,69,87,167,117
0,63,0,95,64,69,177,117
0,148,0,50,87,85,142,118
0,122,123,43,103,83,145,119
0,97,95,44,97,82,-169,-164
173,0,0,46,173,87,91,120
0,234,48,44,214,135,-169,-164
279,171,165,49,129,127,90,124
295,151,131,152,300,141,91,124
236,106,102,108,115,270,91,130
234,258,98,48,113,286,95,128
258,224,102,62,161,172,92,128
184,168,153,58,105,139,81,128
125,116,112,36,92,150,149,128
99,93,85,110,61,123,179,129
54,46,125,71,98,123,177,128
55,51,50,97,129,0,92,89
45,42,47,84,131,0,91,87
50,47,57,81,117,151,92,53
88,49,97,84,97,0,57,51
95,93,98,84,76,53,0,51
125,119,122,85,65,50,87,88
123,115,115,86,75,64,89,115
110,101,96,108,95,104,95,121
157,118,104,128,129,126,131,121
116,115,50,112,137,121,140,122
208,200,111,64,107,125,157,121
214,152,114,69,156,126,154,121
179,130,120,110,110,124,107,123
145,134,98,149,95,146,-169,-164
99,98,97,181,128,151,125,122
0,63,64,175,73,71,152,121
0,118,271,126,86,213,150,121
114,137,82,130,123,106,-169,121
113,121,156,135,145,107,65,123
199,178,176,68,115,109,-169,-164
149,57,146,18,87,103,78,121
107,102,98,15,0,104,85,121
78,64,62,15,102,110,133,122
59,41,41,27,90,116,178,121
89,32,110,49,90,177,178,122
58,54,59,73,65,0,178,121
26,21,24,23,90,0,165,117
20,10,51,23,91,0,90,86
24,16,23,23,82,132,76,60
43,47,52,26,53,0,26,58
112,59,82,26,34,101,0,61
175,74,95,140,28,106,85,86
171,71,74,83,37,102,94,115
102,54,93,98,54,101,173,119
185,0,0,83,60,79,173,119
0,90,0,39,83,134,124,120
0,119,132,32,98,94,140,119
107,91,86,31,102,94,-169,-164
0,257,69,31,183,132,91,119
0,0,29,30,87,129,95,120
0,193,160,30,120,97,101,120
0,139,152,20,286,148,82,119
283,106,107,136,0,156,91,119
237,92,91,97,0,280,-169,-164
291,108,117,42,90,213,112,120
149,124,105,136,122,114,91,120
169,209,111,42,157,138,97,121
153,186,71,46,188,129,86,119
167,153,70,61,0,143,-169,-164
130,123,119,63,89,140,91,120
103,92,93,123,96,137,153,121
108,65,69,100,59,130,178,121
96,60,56,93,72,123,177,120
105,104,130,49,101,113,177,120
81,38,81,56,96,179,178,120
69,64,29,52,135,179,91,86
82,34,41,53,94,0,56,60
62,58,63,61,88,0,2,54
183,107,101,52,60,91,0,54
0,135,136,58,55,91,84,97
194,112,99,83,59,77,-169,-164
0,107,77,132,85,118,119,121
118,128,93,126,99,121,117,121
117,77,76,70,130,132,115,121
114,44,104,49,157,153,125,122
107,164,94,49,192,146,142,121
0,127,136,19,89,144,148,121
164,105,112,123,70,140,148,120
183,125,122,153,102,150,149,121
133,120,0,110,137,129,147,121
98,0,0,203,169,143,0,121
0,300,124,150,205,131,61,121
296,174,90,148,0,105,19,121
151,113,112,72,0,108,93,120
242,107,79,68,0,103,91,121
160,153,158,134,99,105,91,122
120,114,114,14,91,113,95,122
91,78,77,126,117,103,137,121
69,49,53,23,91,98,162,121
97,45,33,67,71,119,178,122
63,60,66,43,61,145,178,122
35,27,30,29,86,118,168,119
94,16,21,29,92,116,91,86
100,22,39,30,80,128,64,57
40,57,60,34,49,0,52,59
119,71,93,33,21,172,79,59
107,102,95,33,19,200,139,110
154,119,99,46,50,116,178,122
131,125,102,100,82,81,178,122
154,151,0,98,86,97,171,123
0,108,111,32,120,96,139,123
190,280,276,34,95,94,-169,-164
153,0,0,41,139,84,111,122
132,190,186,48,116,77,85,122
255,181,175,39,146,245,90,90
246,128,183,163,149,117,90,91
245,0,0,40,149,117,91,94
286,282,0,43,287,113,61,115
241,0,132,119,0,117,59,121
200,138,95,120,0,256,91,121
191,158,134,63,109,222,-169,121
167,243,93,90,121,161,90,121
138,200,196,61,0,114,87,121
152,162,84,73,0,121,66,123
134,127,126,59,0,135,19,122
104,100,101,0,117,113,0,121
66,67,167,18,101,106,0,123
48,136,135,165,108,67,0,123
112,105,103,31,97,100,91,122
90,71,70,79,77,91,131,122
101,47,44,101,79,83,-169,123
72,60,34,50,89,73,-169,-164
94,91,91,38,91,65,163,122
60,56,58,31,96,58,-169,-164
92,26,29,30,151,61,102,118
74,14,117,30,147,60,92,86
103,17,25,30,149,61,91,66
92,33,59,31,132,58,76,64
54,52,56,33,151,59,14,64
60,67,71,35,93,88,0,63
52,81,85,34,88,91,0,64
54,78,101,35,77,90,0,61
67,64,98,37,65,123,0,87
63,59,101,40,81,79,-169,-164
29,22,48,117,93,54,136,96
38,9,46,123,68,53,85,77
43,15,54,123,62,120,0,63
52,59,41,75,32,78,0,60
67,60,58,125,22,126,2,85
65,55,54,125,30,115,-169,-164
41,38,38,73,55,109,122,115
23,19,49,91,65,103,128,87
24,22,28,84,62,107,79,75
28,26,31,77,55,137,0,64
39,38,43,66,43,133,0,63
97,61,58,112,28,92,1,62
100,103,75,104,20,90,0,87
100,123,76,107,20,89,89,90
101,123,100,107,21,89,90,89
97,116,68,109,29,92,90,112
88,115,113,66,48,124,89,116
72,243,150,62,73,108,132,114
59,72,238,66,87,107,92,114
47,207,206,73,106,57,38,114
0,193,185,26,126,47,14,115
173,161,163,39,144,51,34,117
145,139,72,41,171,194,91,116
164,118,111,67,63,148,89,119
96,78,78,65,90,0,127,123
84,56,50,81,101,153,169,122
120,41,141,102,92,144,169,123
86,61,59,36,125,131,170,124
262,98,49,45,90,144,155,123
225,218,117,72,85,133,118,123
235,176,176,112,97,129,90,123
161,138,141,201,96,128,90,124
136,149,97,188,134,136,91,124
0,112,106,187,83,170,105,124
0,162,102,139,131,94,76,123
115,124,70,22,169,99,64,123
207,109,106,73,209,107,87,123
162,71,64,46,105,105,88,123
114,106,105,19,97,101,90,124
89,66,66,107,103,98,176,124
101,45,42,80,57,113,178,124
71,66,75,102,58,108,174,124
103,31,43,35,87,0,-169,119
92,85,91,33,93,114,91,85
93,91,96,35,85,123,59,65
115,108,47,39,70,139,4,64
117,38,83,40,55,0,0,62
148,57,95,40,38,143,0,57
228,119,124,86,30,94,3,87
0,129,125,108,41,93,90,104
0,68,64,107,50,132,-169,116
0,46,41,105,83,134,120,123
98,162,31,39,85,179,154,122
0,0,0,26,119,100,159,122
0,84,85,26,90,99,144,122
245,0,51,29,126,95,90,123
0,217,210,33,103,169,95,123
181,153,152,0,143,210,91,122
265,116,115,105,0,275,61,122
235,123,93,103,113,243,107,122
238,122,98,45,97,138,92,122
149,118,102,139,135,133,90,122
220,187,63,52,178,138,-169,-164
180,156,157,61,217,138,90,123
135,124,121,58,0,139,74,123
93,93,87,56,118,110,14,123
64,45,54,197,0,75,0,122
26,30,164,57,235,85,21,89
26,35,167,92,253,90,134,67
43,47,178,105,189,94,155,61
55,59,184,39,143,100,91,92
52,56,169,35,146,90,19,119
128,142,141,39,172,53,50,120
129,115,115,40,202,33,91,119
101,89,86,110,257,72,120,120
75,62,60,113,90,63,131,121
64,45,38,99,110,61,-169,-164
94,44,32,145,87,60,178,120
67,63,66,34,92,59,-169,-164
45,37,51,30,160,60,108,89
41,36,50,30,160,60,92,85
41,35,51,30,120,60,91,86
41,35,51,30,116,58,84,74
50,49,54,34,115,58,0,60
61,74,79,38,95,86,1,58
50,86,88,41,81,87,68,87
49,86,89,41,91,87,77,87
49,86,88,42,90,87,99,95
45,80,86,42,97,80,129,119
41,61,62,52,89,73,134,101
46,56,62,52,87,74,55,77
47,51,69,67,112,112,1,64
37,37,63,62,93,80,-169,-164
70,45,74,57,93,84,13,87
70,45,97,57,124,83,90,92
67,40,73,61,64,77,-169,110
57,30,34,122,54,123,179,118
39,36,18,72,55,53,176,99
37,35,17,73,54,54,67,85
46,46,53,112,33,124,1,55
64,61,52,116,25,129,60,87
62,59,52,117,28,130,179,103
57,53,56,116,35,131,-169,-164
98,38,39,109,55,115,178,119
81,240,234,50,78,121,-169,-164
71,221,121,59,104,69,-169,-164
236,179,180,90,132,60,36,117
247,155,76,32,157,59,26,117
165,134,62,51,180,126,68,117
114,99,104,57,72,201,101,118
108,69,112,58,90,115,134,120
102,45,56,67,93,119,178,120
100,34,33,101,84,122,-169,123
111,80,81,37,93,130,-169,122
287,69,69,38,82,129,178,122
269,249,92,38,89,140,119,122
123,162,120,90,94,123,90,123
194,178,177,45,115,122,91,122
186,138,139,58,144,153,92,122
121,114,243,206,131,126,92,104
98,0,194,190,134,127,91,88
96,0,192,189,133,127,91,87
116,82,81,191,134,127,91,88
116,40,45,190,133,126,90,89
115,262,192,197,139,129,91,111
105,237,149,84,89,163,86,123
0,162,108,140,148,96,67,123
284,123,68,18,0,103,74,123
125,109,109,126,0,104,93,123
161,72,71,98,98,105,91,124
130,116,114,17,92,104,92,124
98,74,81,77,96,108,92,123
101,44,46,119,98,100,178,123
92,66,24,59,89,162,178,124
60,56,142,71,64,59,178,123
27,21,24,20,92,0,-169,-164
100,9,27,20,93,153,-169,87
22,10,44,20,94,0,92,73
26,24,31,22,76,0,32,59
52,123,61,25,53,114,-169,61
162,62,83,106,35,108,0,60
0,81,81,59,14,105,68,86
176,81,97,64,33,102,89,117
151,140,141,89,77,106,118,124
0,0,152,77,68,113,177,123
0,0,0,27,99,100,161,123
0,98,92,136,85,98,121,127
0,0,258,34,193,90,99,127
0,0,0,40,123,88,91,131
166,173,141,113,0,266,77,131
139,125,90,98,86,135,89,130
259,159,154,151,111,125,89,132
204,200,77,46,194,122,91,132
146,136,77,52,0,136,70,132
105,95,89,33,0,111,8,123
52,53,108,44,216,102,0,124
87,150,141,59,177,46,1,125
125,106,105,55,207,75,91,123
97,77,76,104,83,82,177,120
83,82,62,108,84,49,178,123
88,85,91,63,114,37,-169,-164
64,47,59,58,146,32,-169,122
42,33,75,57,151,33,90,86
50,45,82,59,131,62,59,55
30,76,89,64,96,64,0,51
53,48,56,69,100,86,0,52
92,74,73,67,65,87,90,89
150,77,62,104,54,80,-169,-164
281,189,62,60,84,72,178,128
221,112,108,59,89,71,94,86
221,111,104,58,89,72,156,86
244,111,103,58,91,71,178,104
0,108,109,62,94,68,178,118
0,180,196,22,133,57,179,118
243,155,160,45,160,50,66,117
141,126,85,73,182,115,26,118
108,100,103,75,75,88,90,120
100,69,68,66,108,0,100,121
99,42,79,96,114,167,178,120
94,0,0,102,90,168,177,121
108,53,0,43,116,161,177,121
0,47,50,41,96,152,-169,122
0,232,99,64,83,153,154,123
171,194,192,76,87,131,91,122
288,155,103,225,92,138,91,122
152,121,124,196,104,130,91,111
133,110,98,198,111,134,91,88
133,71,68,199,112,134,-169,-164
133,110,113,196,113,133,90,107
122,262,93,93,87,169,-169,120
0,230,154,194,104,169,63,120
148,115,113,137,137,176,83,120
295,253,115,138,171,114,73,120
237,215,52,137,271,102,-169,-164
125,182,98,16,0,104,83,120
158,152,77,22,99,102,79,120
127,44,123,16,97,104,91,119
97,87,86,17,79,110,87,119
76,61,69,9,108,111,-169,120
87,40,37,17,97,108,179,116
59,21,21,109,82,110,179,117
95,15,9,48,86,96,180,118
89,12,7,52,86,97,150,86
88,13,10,47,88,102,44,67
94,26,61,51,0,115,26,65
93,31,104,53,0,113,114,100
92,57,25,50,90,184,178,114
76,74,145,31,44,86,178,119
51,47,49,26,65,0,-169,-164
32,24,27,24,85,130,91,104
22,15,19,24,92,115,90,109
17,8,27,23,89,139,91,87
18,9,41,24,89,141,70,68
100,29,33,26,75,0,9,62
43,57,74,30,58,0,0,61
108,59,92,33,54,106,0,59
114,71,71,61,40,0,-169,-164
168,129,93,121,36,135,136,115
145,44,44,96,59,98,152,118
0,0,0,84,69,98,159,120
0,143,0,36,87,95,129,120
0,110,115,129,106,96,136,120
0,83,81,32,92,95,130,120
0,68,60,35,186,127,95,119
0,224,0,35,98,188,-169,-164
205,184,177,280,131,187,92,120
182,130,122,150,0,99,92,123
262,110,96,97,0,267,92,125
208,138,75,52,96,144,91,127
0,119,95,143,0,147,69,127
186,171,65,41,200,135,-169,127
146,124,68,39,0,140,-169,126
100,93,89,116,0,142,0,126
48,46,52,192,0,107,1,117
35,121,158,171,0,96,0,123
65,122,119,52,192,22,13,123
103,92,91,71,224,64,118,120
86,67,66,113,92,48,143,124
96,52,41,117,116,47,-169,124
62,59,68,41,145,51,-169,123
37,29,50,37,169,58,179,119
78,25,56,37,171,55,91,87
87,25,59,38,163,52,58,63
50,45,53,42,109,79,0,57
41,80,83,42,90,87,0,56
53,52,98,39,107,116,0,62
76,56,90,73,106,112,-169,-164
50,42,71,74,52,65,159,122
36,33,19,80,62,112,160,108
29,26,17,83,63,113,45,71
31,30,22,75,55,114,0,62
45,43,49,119,37,132,0,60
63,59,63,125,25,124,14,79
66,60,63,126,26,125,-169,-164
65,58,61,124,28,122,179,110
94,116,109,68,49,124,-169,-164
67,0,154,62,77,110,90,121
56,238,128,68,105,62,-169,-164
239,114,80,58,135,66,1,122
153,61,66,27,169,76,106,121
108,105,107,51,70,0,104,121
110,71,75,56,90,117,165,122
80,70,50,72,92,126,178,121
128,51,59,53,78,116,178,121
97,96,118,53,102,121,174,121
273,102,99,50,99,134,125,122
237,232,117,65,96,122,139,121
0,291,0,92,125,118,91,122
174,158,0,129,224,124,66,121
148,173,122,83,115,128,91,121
0,139,135,189,148,170,-169,-164
0,220,122,163,183,172,99,121
111,191,100,138,140,185,88,121
255,155,148,20,255,98,73,121
220,116,112,122,292,99,68,121
167,77,75,77,0,102,78,121
130,45,48,17,95,103,105,122
102,87,87,19,82,105,91,121
77,54,52,14,87,105,-169,121
44,31,31,81,87,96,179,122
86,91,18,46,46,86,179,121
57,53,55,21,66,133,179,122
27,22,26,15,87,152,130,110
13,9,16,14,91,152,91,87
15,10,17,14,88,145,89,81
23,21,28,18,77,0,1,55
52,60,58,23,52,113,-169,-164
151,55,65,21,55,114,84,91
141,45,77,77,65,120,-169,-164
0,0,19,74,87,98,178,121
172,0,0,105,68,104,174,122
0,131,0,13,100,115,92,121
104,99,101,12,131,111,178,120
0,0,0,136,96,109,90,121
0,0,0,35,130,95,152,120
138,0,0,42,105,113,91,122
249,0,185,38,142,197,32,122
164,149,145,160,0,249,-169,122
214,172,108,116,0,254,80,122
208,168,90,67,89,145,89,122
192,267,124,153,97,146,-169,-164
211,229,108,51,135,127,85,122
175,182,77,44,201,126,90,124
147,141,138,49,0,134,90,125
108,100,96,0,0,114,0,125
58,58,176,29,236,114,0,125
35,137,135,53,184,53,14,125
116,101,97,59,220,72,126,126
94,86,73,115,74,75,177,125
92,91,95,73,105,34,153,125
67,55,75,57,147,46,90,124
23,20,43,43,179,48,-169,-164
12,30,98,42,180,48,91,85
16,16,43,43,99,47,90,72
26,27,51,49,159,49,89,61
48,44,71,72,137,33,52,63
61,60,64,63,121,58,10,64
45,71,79,67,107,55,11,64
27,84,86,70,131,52,12,63
29,60,91,71,124,107,-169,-164
41,38,89,71,98,106,-169,-164
58,52,55,80,88,74,0,63
81,67,71,95,84,70,0,64
101,85,84,87,74,66,-169,-164
99,95,85,89,75,64,91,88
104,84,82,89,56,60,177,119
242,149,91,98,81,52,-169,126
250,199,108,82,117,41,159,124
179,160,61,51,159,38,-169,124
131,111,110,80,65,77,91,124
97,80,74,92,104,124,157,123
112,57,58,119,124,133,177,124
92,86,71,66,119,130,177,123
261,122,68,58,113,126,175,123
230,216,120,73,117,121,90,124
0,173,173,91,194,128,90,124
161,134,133,67,98,139,132,123
127,0,98,199,136,133,97,124
0,233,109,159,173,176,90,123
0,163,106,140,215,96,74,124
259,127,152,22,253,95,90,123
244,112,112,128,0,97,51,123
162,74,73,52,99,101,87,123
127,116,35,15,102,105,89,123
99,78,75,123,90,106,111,124
66,47,48,19,93,100,178,123
97,32,25,65,84,98,178,126
60,56,60,27,65,157,178,124
29,25,31,22,84,133,144,91
25,22,27,22,83,0,92,86
26,22,29,22,80,0,68,70
46,40,52,33,49,0,59,53
76,87,88,29,17,92,22,62
181,108,99,29,15,95,89,92
179,102,100,32,25,91,148,114
156,55,105,94,60,96,177,121
189,159,0,89,62,73,177,122
0,141,0,48,88,145,177,122
0,131,120,43,80,83,150,122
0,0,102,43,90,82,93,121
0,258,58,43,191,82,78,121
0,0,0,43,102,88,116,120
0,163,158,50,136,137,90,121
285,126,120,153,0,263,90,126
217,101,98,95,65,266,90,127
204,112,90,51,108,178,90,129
174,134,69,64,156,134,91,129
159,178,71,55,0,137,91,128
138,129,114,63,0,136,64,128
61,73,70,40,0,101,0,129
48,160,99,177,175,109,0,129
120,108,100,52,215,79,-169,-164
87,73,65,109,76,58,178,129
94,90,69,62,112,39,-169,-164
55,47,54,57,147,34,-169,-164
40,33,63,56,152,35,91,86
56,35,47,56,151,34,90,71
51,44,54,57,134,33,89,60
48,69,76,61,110,60,38,59
32,64,81,64,118,62,0,60
43,41,97,63,97,104,0,57
84,69,87,79,79,69,0,55
110,83,88,83,77,69,-169,-164
102,82,68,114,64,64,178,127
223,133,109,69,101,61,167,127
178,168,88,33,147,56,90,127
127,116,113,62,61,159,135,128
107,76,73,76,84,136,158,128
129,63,70,70,94,109,177,127
0,125,83,60,127,111,170,127
249,0,130,75,104,112,130,127
199,242,0,106,188,113,94,128
150,0,233,117,239,117,71,127
128,179,136,141,0,160,73,127
0,90,91,187,201,222,90,127
264,77,71,70,286,104,-169,-164
129,106,79,67,0,107,108,127
156,139,137,18,0,103,64,128
107,92,95,16,81,113,100,127
73,52,52,25,95,99,178,127
82,82,40,70,48,124,178,128
47,36,37,33,81,124,-169,-164
97,13,87,29,95,112,92,86
101,24,40,32,78,0,91,57
41,58,64,38,47,0,19,59
147,62,94,40,114,88,4,62
148,70,111,40,23,195,90,93
0,55,61,71,44,0,148,122
122,155,35,103,87,121,154,122
0,0,0,117,91,0,153,121
119,0,132,24,110,106,-169,-164
103,103,138,138,111,106,-169,-164
70,103,0,138,112,107,114,92
77,133,141,140,110,107,113,93
65,26,140,138,110,107,113,93
49,25,57,136,121,107,114,92
107,0,0,138,119,107,114,92
99,101,112,135,116,107,120,103
109,99,155,18,129,108,178,114
0,247,77,22,86,106,176,119
169,257,0,24,116,102,111,118
0,0,227,30,216,112,126,118
0,0,0,40,117,87,87,119
186,154,147,25,150,206,34,119
164,121,144,135,0,260,98,119
215,129,100,97,0,148,92,121
194,276,63,59,90,137,92,122
164,162,124,152,105,129,92,122
155,217,83,50,0,121,86,123
183,178,80,61,215,125,67,124
134,132,128,52,0,140,24,124
109,95,96,0,0,111,8,125
60,64,162,51,244,73,17,125
88,127,125,44,195,41,70,124
101,94,92,114,262,73,91,124
98,94,65,109,76,57,178,125
97,94,94,68,108,39,179,125
66,57,62,60,139,32,109,124
30,24,59,54,168,37,92,87
20,20,101,54,163,38,60,65
49,42,53,61,131,59,53,51
46,77,87,70,102,57,0,52
44,41,54,71,85,102,0,58
76,58,59,103,74,85,12,85
75,57,58,103,91,86,-169,-164
30,29,36,111,84,87,153,106
18,41,41,112,78,87,48,74
181,67,72,76,55,84,0,56
102,241,86,105,44,108,58,87
101,136,133,78,61,73,122,126
79,229,108,64,99,64,121,125
0,170,178,32,146,56,91,126
153,120,118,60,57,118,116,126
100,84,81,72,90,145,94,125
95,44,44,96,110,156,159,124
91,131,32,101,92,171,178,125
127,72,120,34,128,143,178,126
254,121,105,25,82,144,134,126
212,202,108,73,79,131,150,125
185,167,214,91,88,115,91,124
250,0,0,89,149,122,68,125
107,255,187,200,161,163,90,125
0,128,122,148,203,169,62,125
123,166,81,144,245,91,67,125
214,100,40,140,172,107,80,124
166,76,74,51,0,109,-169,-164
124,116,113,17,106,108,-169,-164
79,70,73,35,99,106,122,124
51,42,40,156,57,116,-169,-164
82,79,24,53,89,0,-169,-164
43,39,41,26,78,0,179,126
18,7,13,23,94,122,95,89
99,6,14,23,88,122,92,85
23,19,26,25,78,0,76,55
46,54,58,27,49,0,12,62
114,62,81,28,36,102,0,61
168,66,89,27,39,99,103,92
0,59,95,93,61,101,149,120
0,0,96,83,77,84,149,124
161,0,0,29,88,120,149,125
0,109,109,18,115,108,148,126
0,74,0,16,94,110,126,124
0,241,238,26,203,99,146,124
0,0,199,38,116,89,-169,124
259,140,139,158,290,260,56,124
272,126,99,100,0,269,90,125
204,129,97,91,83,160,87,125
272,127,93,143,130,160,90,124
203,203,99,40,167,134,91,125
157,168,67,46,0,137,91,127
131,108,112,59,213,151,0,127
74,74,179,0,0,75,-169,-164
48,132,130,50,190,52,26,127
102,99,91,113,58,80,171,129
111,97,84,98,76,75,151,127
89,101,60,75,119,38,115,127
46,43,59,46,161,47,-169,127
15,12,98,42,182,47,91,88
12,10,97,43,181,46,91,88
13,10,96,42,107,46,91,87
13,12,102,43,176,46,59,68
52,39,91,52,96,73,0,45
34,38,69,62,87,81,16,86
51,49,98,69,84,82,91,99
39,34,38,74,56,120,160,121
39,11,14,77,60,122,132,89
37,15,20,112,54,62,22,62
50,38,37,115,34,122,16,61
63,53,53,120,25,82,67,87
60,56,48,118,37,132,165,121
101,29,29,51,64,92,-169,-164
70,240,222,71,102,143,171,125
42,203,184,119,140,54,75,126
153,142,141,60,176,119,21,126
117,96,95,88,83,123,-169,125
62,52,52,94,116,139,121,126
89,130,218,68,103,182,177,127
45,40,37,23,125,165,-169,126
0,0,0,0,157,167,115,86
160,267,73,28,139,165,110,79
126,34,78,21,140,162,34,66
143,65,101,124,111,141,3,66
152,143,103,115,117,140,2,65
299,81,107,33,114,135,-169,-164
294,77,77,29,73,135,108,118
162,124,57,46,83,140,153,119
133,233,115,63,87,118,133,119
119,205,106,88,102,123,66,119
155,123,174,121,113,116,89,121
128,185,0,80,152,150,81,125
134,148,185,193,144,110,90,125
0,223,0,191,187,103,90,125
0,180,94,140,231,94,90,126
111,110,104,143,277,102,76,126
184,170,168,84,0,96,84,125
139,127,131,23,96,98,90,125
97,81,81,39,91,103,95,125
56,47,47,27,101,94,178,126
91,100,25,53,84,87,178,125
49,45,54,26,74,139,178,125
20,15,26,21,92,107,139,99
16,11,19,21,92,138,92,87
106,13,29,22,87,0,42,63
106,36,44,26,66,0,2,60
142,48,63,27,51,107,1,60
167,66,92,63,89,110,44,86
0,64,93,99,41,108,97,111
159,141,95,97,68,99,153,121
0,0,0,79,64,84,154,121
152,0,0,31,91,99,155,122
0,109,0,28,114,97,146,123
0,0,95,34,99,94,127,123
0,105,103,40,198,84,92,123
182,171,168,46,113,82,91,123
172,133,131,29,275,202,66,122
105,96,94,41,0,265,91,122
226,203,117,95,0,140,90,124
230,111,101,94,108,143,-169,-164
245,215,72,30,112,136,100,128
155,177,70,48,213,133,91,128
139,126,119,46,0,130,21,129
73,68,191,126,235,104,0,130
41,136,133,72,187,61,21,130
102,95,91,57,242,76,131,128
83,87,64,105,84,51,160,128
84,77,80,56,126,40,-169,128
43,35,93,49,160,56,-169,-164
64,24,58,48,164,45,91,86
77,27,107,48,156,42,91,64
56,53,61,54,124,43,-169,-164
59,87,94,59,118,64,23,55
50,50,79,59,87,82,3,59
90,72,94,82,80,68,38,77
92,77,77,82,80,68,100,95
86,79,68,84,95,69,-169,124
249,70,66,128,83,68,-169,119
234,99,62,67,86,68,111,86
233,108,70,91,70,67,29,58
90,128,101,71,49,99,36,77
80,166,89,118,54,97,89,110
284,108,119,72,92,59,100,124
195,96,92,20,134,57,111,124
153,138,60,59,176,107,135,124
123,97,94,76,82,86,106,125
82,61,85,88,95,0,124,125
120,108,38,67,92,154,168,124
62,105,48,119,94,161,178,124
0,44,40,34,70,151,178,124
143,107,102,63,63,140,136,125
175,177,176,105,97,127,91,125
165,136,138,57,93,143,95,124
138,101,97,195,134,160,92,124
109,106,103,193,178,104,85,124
72,184,103,134,168,109,-169,109
88,142,99,132,218,113,-169,-164
65,109,99,134,218,114,-169,-164
89,115,95,136,219,113,75,94
87,155,81,134,135,111,-169,-164
171,105,106,134,137,77,79,121
133,99,98,13,0,80,73,120
113,62,66,15,217,110,93,120
102,100,107,14,117,109,85,121
86,76,83,74,91,58,90,122
71,47,42,16,90,105,-169,-164
93,27,26,59,77,151,178,121
76,76,24,63,51,76,178,122
44,41,43,20,77,141,175,121
16,10,20,15,95,120,95,91
10,5,16,14,89,123,91,87
14,6,18,15,89,113,36,64
27,25,31,21,72,182,25,61
49,44,49,20,60,187,81,69
54,45,52,21,66,183,135,114
33,105,36,27,85,174,141,115
23,99,101,31,91,0,-169,-164
24,108,106,28,75,130,27,56
142,45,64,27,65,118,-169,86
143,44,76,29,63,118,-169,-164
131,0,121,73,83,96,-169,-164
122,0,0,60,54,101,-169,-164
122,126,139,61,47,93,43,61
137,141,128,71,28,85,31,64
113,113,139,73,29,84,95,97
99,91,99,68,47,87,137,119
81,60,107,32,74,89,150,120
93,43,66,37,98,91,178,119
76,0,32,58,103,87,179,119
53,55,0,66,99,136,93,120
96,0,0,23,164,161,26,119
116,166,0,35,185,40,0,119
150,149,0,52,213,160,0,121
133,0,169,80,63,48,90,121
103,222,236,73,97,165,-169,121
202,0,127,161,111,98,89,122
172,0,117,151,147,96,89,123
163,237,187,153,90,153,90,126
169,234,0,70,230,134,76,126
151,110,94,77,0,115,63,126
149,142,140,87,0,130,43,126
108,101,100,111,215,113,16,126
66,68,171,162,212,71,19,125
43,132,129,44,189,93,78,125
74,102,95,118,259,71,138,125
99,84,68,111,83,49,130,126
90,87,96,74,115,39,161,126
56,47,72,52,147,39,166,119
40,33,59,50,153,41,91,86
51,34,64,51,151,40,80,77
59,47,65,54,131,65,16,52
30,76,88,63,93,65,0,53
55,47,54,93,94,90,0,59
63,58,80,64,70,91,109,98
51,48,47,69,87,91,164,118
27,48,37,109,67,91,152,87
29,29,38,77,56,88,30,56
98,94,88,99,36,114,25,86
100,141,86,99,40,109,89,110
102,120,78,85,65,77,140,122
0,126,126,62,85,66,144,120
0,108,94,37,132,66,116,120
202,147,146,44,170,193,90,120
138,111,110,76,66,82,76,120
88,78,80,80,91,139,89,121
57,49,48,91,109,145,165,121
94,39,48,115,93,175,158,120
91,61,55,59,87,151,177,120
0,51,51,37,98,149,176,123
145,108,124,92,93,140,146,124
199,189,92,75,87,130,92,123
156,146,146,191,82,130,-169,-164
114,102,99,132,129,199,92,128
117,103,150,184,183,120,-169,-164
95,137,97,127,130,117,92,131
132,116,145,115,149,71,91,131
143,138,137,24,89,96,62,131
93,80,76,122,128,100,89,132
93,34,36,30,114,96,180,123
70,29,19,63,74,97,179,87
69,20,20,57,73,154,84,75
77,30,32,76,72,120,39,62
87,50,45,87,42,120,66,88
81,43,35,74,85,166,114,120
52,78,63,87,86,158,-169,122
48,14,57,28,69,182,141,87
45,61,57,28,67,122,67,72
58,29,66,35,46,173,4,60
106,68,56,40,25,137,1,61
119,70,84,41,23,194,77,86
166,110,59,43,33,171,154,116
138,38,37,56,61,149,166,121
116,118,18,62,90,155,-169,119
101,104,196,67,88,118,91,86
101,104,15,66,79,124,32,76
85,100,103,65,65,79,2,61
105,71,88,62,46,69,7,71
0,72,88,82,53,74,102,110
0,51,52,48,75,76,165,118
0,113,138,48,88,77,177,118
131,0,127,57,111,68,160,119
265,0,262,37,143,59,91,119
104,238,235,51,173,56,65,118
0,182,209,52,203,94,91,118
138,260,183,79,232,92,25,118
138,163,158,71,97,162,21,119
129,130,173,67,130,169,-169,119
205,126,101,160,159,115,90,120
204,109,101,138,0,115,64,121
267,111,106,130,247,177,90,122
257,124,97,135,116,163,100,123
181,193,76,49,0,125,106,123
171,164,74,68,0,142,90,124
131,112,109,43,0,141,38,125
68,75,76,35,0,108,1,125
57,164,151,171,179,76,17,124
79,120,117,47,275,85,-169,124
97,91,85,112,79,76,133,124
110,87,65,93,91,42,137,124
80,74,92,63,124,33,166,125
49,40,57,55,149,36,-169,92
54,36,55,56,146,33,91,64
58,56,64,62,123,59,36,59
51,81,83,67,133,56,34,60
37,67,87,67,102,77,-169,60
55,55,62,77,91,90,8,62
79,62,65,78,89,72,89,89
65,57,61,94,77,75,177,117
61,46,45,91,111,84,178,118
15,48,45,121,93,83,156,88
142,57,58,111,68,70,23,53
99,173,91,113,43,105,0,63
102,104,96,116,45,103,93,107
85,139,85,86,76,55,133,123
253,112,103,76,115,48,92,123
166,79,77,37,159,53,144,123
132,124,120,73,57,75,110,122
98,90,90,84,90,85,137,123
137,71,69,106,106,137,142,122
103,101,89,62,100,135,173,122
277,64,241,52,103,133,161,122
122,116,103,56,93,129,161,122
206,198,99,40,102,125,97,123
172,111,161,128,115,143,-169,-164
152,127,101,55,104,161,90,123
157,54,48,186,139,193,90,121
134,30,150,184,154,192,-169,-164
122,67,69,183,151,191,90,93
119,68,70,184,151,192,-169,-164
120,67,68,183,157,191,-169,-164
117,94,130,178,186,117,-169,-164
100,101,99,127,104,104,-169,119
113,118,67,11,0,93,91,118
112,122,41,123,118,82,91,119
128,93,93,62,148,82,91,119
157,71,62,14,0,91,91,121
116,108,109,15,93,97,90,122
88,71,76,32,97,103,140,123
89,46,40,129,54,93,-169,-164
62,67,43,57,83,125,-169,-164
51,16,29,39,70,123,178,121
43,37,8,31,73,125,95,87
43,37,11,32,68,122,67,62
47,55,84,40,45,122,11,59
112,63,64,46,17,74,1,55
122,86,93,45,5,125,60,86
121,83,87,47,14,72,-169,117
98,94,60,77,76,72,170,122
67,58,52,87,79,104,-169,121
79,74,36,53,91,75,-169,-164
124,51,48,52,122,73,164,121
0,0,103,40,162,68,-169,122
112,182,216,36,197,53,131,121
146,141,188,61,87,166,-169,121
112,282,159,216,101,148,-169,121
108,210,203,75,131,165,53,120
194,232,137,155,120,91,91,120
187,211,115,151,206,87,64,120
169,156,143,151,0,157,91,121
145,244,103,113,214,137,90,122
182,204,102,69,253,100,90,122
170,130,98,75,0,116,78,124
98,124,124,50,223,124,30,124
98,91,88,48,207,105,0,126
58,166,162,121,155,68,18,126
90,130,125,36,194,38,95,125
68,99,94,122,68,70,155,125
91,94,81,115,86,44,118,125
85,82,95,76,119,34,176,126
65,42,74,56,151,36,165,120
69,30,61,55,158,67,91,87
41,34,57,56,145,32,78,61
60,62,69,62,115,59,33,55
29,56,86,64,90,123,1,55
71,55,61,73,90,76,-169,-164
89,76,72,76,64,75,95,93
152,69,69,78,86,75,-169,-164
169,70,71,111,67,71,179,124
141,102,115,69,80,69,178,95
138,133,63,65,84,68,178,116
255,112,103,64,108,62,178,120
266,176,94,40,136,62,178,122
0,155,152,87,169,35,-169,-164
127,117,115,96,88,57,85,122
103,92,88,110,96,112,91,122
101,87,59,126,139,132,135,122
79,58,57,73,85,137,169,123
117,45,48,53,138,137,178,123
111,82,105,59,104,138,169,122
192,185,116,104,90,135,104,122
156,146,147,192,81,128,123,122
145,113,112,123,116,150,118,122
139,145,0,188,153,187,90,122
111,113,132,142,94,105,-169,123
87,179,91,138,125,94,79,122
123,115,58,76,151,75,67,123
94,107,101,21,0,73,57,122
161,67,161,134,269,65,77,122
121,34,34,12,90,110,98,122
97,75,75,164,89,113,110,123
104,51,49,17,90,103,178,123
75,86,33,69,90,124,177,122
52,50,44,0,55,117,-169,122
41,4,107,27,75,132,107,89
37,5,92,27,74,131,92,86
47,47,60,36,51,173,18,52
107,67,110,41,24,174,34,81
109,69,93,41,25,164,110,104
161,50,58,55,48,0,177,121
127,31,31,61,89,107,177,121
95,28,101,33,87,110,-169,-164
149,67,58,26,98,99,178,122
0,0,32,34,88,90,177,122
265,0,229,49,122,81,92,122
116,203,198,49,96,111,55,122
134,167,163,58,163,60,-169,-164
115,0,169,119,209,182,46,123
212,136,97,170,102,111,-169,-164
206,147,98,129,101,109,104,123
190,131,116,128,87,267,-169,123
240,117,115,46,125,123,100,123
164,199,83,77,0,117,-169,-164
152,158,85,70,0,134,91,124
124,115,114,61,0,127,25,125
85,76,76,37,223,102,0,127
44,158,155,44,178,53,0,127
127,115,112,47,88,116,98,127
96,79,74,112,84,59,144,126
112,68,50,110,98,47,178,126
72,68,83,50,134,42,178,126
44,33,106,47,159,44,-169,-164
79,29,58,47,155,43,89,72
64,57,65,52,143,68,38,52
39,100,76,55,88,117,-169,-164
64,61,89,70,86,88,22,86
66,64,67,69,91,106,-169,-164
56,50,72,69,86,90,167,122
28,44,42,103,72,39,166,88
26,31,37,104,70,88,61,54
277,86,74,97,29,117,38,82
100,80,81,62,28,114,91,102
97,130,79,73,56,75,-169,-164
67,140,139,73,89,56,129,124
0,182,105,33,131,43,103,123
206,137,144,58,176,116,-169,123
111,100,96,91,79,76,91,123
127,74,64,101,109,132,151,123
97,82,0,62,101,136,178,123
136,65,96,49,103,135,-169,-164
140,98,96,63,95,126,171,124
258,146,107,86,128,119,92,124
285,152,69,113,126,133,103,124
143,114,109,196,122,154,106,126
128,119,115,191,167,185,92,126
98,112,107,137,101,104,72,126
106,117,64,70,263,78,80,127
198,181,97,113,0,84,77,127
141,52,49,14,89,107,80,126
94,84,90,41,83,113,-169,-164
96,50,46,15,92,103,-169,127
72,27,22,55,86,95,178,126
39,37,34,53,57,130,178,102
56,56,53,32,58,131,178,95
60,56,65,26,53,181,70,63
74,50,58,38,23,131,25,58
82,72,73,42,10,161,84,87
112,78,84,43,23,163,158,124
139,39,36,62,84,124,178,132
89,88,91,124,84,103,-169,133
104,34,32,30,84,92,178,134
127,0,214,20,89,83,80,133
111,150,163,60,112,115,70,133
106,0,203,157,107,223,59,133
162,203,158,154,168,154,-169,-164
176,237,82,72,231,130,82,134
179,103,98,85,169,117,32,134
127,113,108,51,244,115,71,134
57,173,164,0,162,84,5,135
122,111,107,45,93,85,92,134
85,67,62,100,72,62,171,134
91,85,85,55,120,42,-169,-164
59,39,66,51,154,39,-169,-164
75,29,54,51,158,40,89,87
64,30,39,51,157,40,91,87
62,29,38,51,157,40,91,86
37,32,50,51,152,38,72,67
59,52,64,53,130,68,58,60
54,77,84,55,127,67,31,60
41,65,77,55,90,123,-169,-164
55,53,92,63,87,88,0,61
91,72,92,72,79,81,0,62
96,77,78,71,80,79,-169,104
136,76,62,103,67,76,-169,126
148,148,61,95,77,74,163,97
229,139,62,95,74,74,66,70
95,159,92,124,47,110,1,61
88,139,96,129,48,107,68,102
82,152,79,75,77,62,94,125
0,111,105,23,120,52,91,126
161,73,69,37,166,55,110,123
122,114,110,77,69,81,155,124
128,79,74,92,92,129,124,124
118,105,93,79,89,133,164,124
284,71,73,55,96,130,162,125
243,114,111,60,132,126,150,125
200,118,114,83,174,129,-169,125
158,143,148,109,129,130,126,125
112,104,102,187,122,202,91,126
139,62,61,174,0,141,101,125
112,120,74,119,123,111,91,126
99,140,106,119,128,112,144,90
103,51,123,119,132,114,129,85
0,129,18,121,202,125,121,62
123,41,142,182,166,195,52,55
135,122,123,182,147,193,90,86
127,124,123,182,148,193,91,98
132,68,113,185,160,193,106,114
116,94,93,191,186,115,122,116
99,115,102,130,126,105,-169,117
0,155,70,64,163,101,86,119
286,123,99,135,196,78,79,119
218,99,96,14,0,77,80,118
160,68,73,135,0,104,52,119
128,45,41,14,93,106,91,118
100,94,97,14,102,106,96,117
74,64,61,0,127,107,139,117
93,45,46,140,94,101,155,118
86,28,26,61,73,125,179,118
53,51,17,65,47,83,178,119
65,52,26,23,67,127,178,118
113,42,50,20,70,189,104,88
51,6,50,22,64,181,23,62
63,39,78,28,45,182,3,62
68,48,79,31,28,206,4,63
125,77,89,33,15,141,-169,-164
181,77,87,34,91,92,-169,-164
161,57,85,47,46,98,144,121
122,36,34,64,78,124,177,121
95,92,93,36,84,106,-169,-164
147,60,58,32,98,93,165,122
0,0,28,38,95,88,129,122
270,0,221,24,190,82,132,122
184,191,187,46,113,115,-169,-164
169,127,156,64,273,162,91,123
127,0,203,192,101,221,48,124
105,0,0,152,185,225,48,123
169,175,0,150,0,198,90,124
179,239,106,107,0,106,74,124
104,139,95,64,0,103,80,125
159,150,88,74,0,123,50,124
113,105,101,37,0,114,48,126
59,59,170,26,205,103,-169,-164
90,129,123,33,195,39,51,130
101,82,77,100,80,71,177,131
114,79,55,80,98,47,131,128
69,64,71,42,146,52,-169,130
104,19,87,35,92,54,-169,-164
70,12,101,34,123,55,63,71
87,28,50,38,139,50,35,61
64,48,53,40,111,52,63,61
63,71,77,40,131,83,90,62
55,98,101,39,101,118,-169,-164
64,66,104,38,88,100,71,87
61,58,113,45,101,74,-169,-164
36,31,62,72,96,56,178,121
38,15,47,90,97,53,89,85
45,29,34,85,60,62,0,62
52,50,49,84,36,104,0,65
66,63,66,82,24,106,0,65
114,65,65,84,28,130,135,111
122,80,77,140,39,116,177,115
89,136,133,66,62,123,177,122
138,111,109,67,99,60,115,124
278,169,165,46,150,41,85,127
131,118,115,83,64,76,88,127
82,72,71,90,99,152,114,128
116,105,40,57,84,155,177,128
283,60,61,43,149,144,162,129
144,107,105,75,102,135,160,128
241,180,176,113,101,131,93,128
167,131,0,198,108,145,91,127
118,0,183,191,158,183,91,127
100,99,112,139,210,101,71,128
158,121,63,18,0,78,68,128
199,98,97,15,0,85,89,128
136,128,43,15,94,104,89,129
84,77,82,26,82,110,91,128
96,35,34,65,64,127,-169,-164
50,48,20,54,51,174,179,127
55,49,58,89,62,225,154,88
63,25,56,25,49,182,28,60
71,86,92,38,11,80,5,54
176,91,90,38,8,79,104,116
131,51,102,74,69,112,-169,139
71,61,57,128,111,81,160,138
240,220,214,22,196,87,113,138
168,154,149,53,264,174,92,138
102,0,118,140,95,239,68,138
177,264,136,102,145,123,91,139
104,186,95,63,0,120,63,139
123,110,105,268,217,139,36,139
53,160,151,31,169,57,0,139
104,94,88,137,73,76,160,139
101,101,69,69,104,37,172,139
54,45,49,55,149,38,97,90
33,28,59,53,159,41,92,86
38,33,69,55,145,35,62,63
62,49,70,61,130,33,20,63
42,66,70,65,116,57,34,67
50,77,81,66,141,57,8,65
29,57,87,67,114,112,-169,57
51,52,75,76,88,72,-169,-164
104,82,85,81,76,70,77,84
98,83,76,93,55,70,150,123
130,115,119,72,90,63,-169,127
263,182,98,61,135,57,131,128
176,124,126,59,52,70,-169,128
102,86,94,88,91,156,134,128
126,57,55,100,121,149,161,127
92,69,62,65,111,141,170,127
118,86,109,51,100,139,143,128
207,196,109,101,87,129,105,129
152,141,140,52,91,142,124,130
140,142,93,185,146,188,90,131
106,110,123,138,131,223,81,132
157,122,69,114,185,78,90,133
115,94,114,78,0,82,72,131
127,112,108,19,0,101,-169,131
64,53,51,17,89,99,-169,-164
79,27,21,46,41,171,179,129
64,52,48,22,70,137,177,89
130,3,52,20,71,136,113,86
121,10,56,24,56,180,49,58
64,43,68,33,29,180,-169,-164
115,71,80,36,6,188,90,87
86,97,91,38,17,87,178,120
154,51,50,54,71,111,178,125
105,107,107,88,77,122,179,127
71,62,74,33,107,93,153,126
0,0,195,40,97,83,162,126
125,0,209,20,189,86,69,126
0,167,165,56,135,68,61,127
163,121,118,156,0,238,59,127
227,166,139,124,121,140,-169,-164
178,170,97,124,111,128,91,128
161,232,86,44,135,142,91,128
166,182,86,70,0,133,86,128
139,127,123,53,0,135,21,129
77,74,79,0,228,73,2,129
46,136,134,59,184,64,36,128
104,94,89,53,65,79,123,128
95,71,56,101,79,58,164,128
88,85,85,53,121,43,-169,-164
70,39,103,49,158,42,-169,-164
26,21,28,49,169,43,-169,-164
29,25,69,49,158,41,91,64
61,48,60,52,131,45,36,59
48,75,81,55,99,70,0,59
60,41,80,56,76,100,0,57
79,58,62,57,84,94,34,78
71,69,75,57,61,92,47,79
91,69,73,57,63,93,102,97
86,63,64,64,52,95,178,117
147,41,67,78,60,84,178,121
261,122,63,91,69,82,-169,86
239,127,66,88,64,82,0,70
101,139,93,79,55,117,0,63
98,148,128,146,42,109,0,63
79,175,114,119,27,69,0,63
83,100,105,119,26,71,80,97
68,103,136,81,50,105,90,121
62,231,129,76,85,58,74,119
50,204,195,69,118,42,89,120
187,162,163,50,149,38,90,120
183,129,128,78,49,55,98,119
106,99,97,89,82,119,113,122
121,71,82,108,113,276,147,123
96,76,57,69,138,139,-169,-164
103,50,98,46,159,139,178,125
145,107,65,72,94,137,135,127
183,182,212,120,90,134,129,126
134,125,122,186,104,155,104,127
158,79,73,176,112,199,104,128
110,119,117,129,130,233,-169,128
158,148,67,69,223,108,92,128
115,94,175,76,225,79,-169,-164
132,121,123,17,101,105,84,128
88,67,64,19,106,100,110,129
50,27,26,28,84,104,-169,-164
75,17,20,63,75,195,179,93
85,15,15,51,98,137,179,115
58,85,13,66,99,93,180,119
46,43,7,64,97,130,114,81
55,58,98,50,27,178,35,61
96,70,102,55,20,129,-169,-164
61,58,56,33,43,164,-169,-164
50,43,44,29,67,140,139,89
46,38,43,28,68,177,62,76
54,58,68,33,41,0,15,56
164,72,99,32,84,90,68,86
167,65,88,37,39,95,119,122
136,129,39,74,72,108,178,124
100,94,37,37,80,128,166,124
147,57,56,32,100,93,-169,123
0,0,197,41,99,84,155,123
126,0,216,23,191,69,73,123
188,178,174,43,121,64,82,124
182,140,136,52,270,180,-169,-164
0,242,96,139,104,245,60,125
203,143,140,130,128,257,89,125
253,134,124,133,104,135,89,126
260,106,97,59,0,121,89,126
164,160,76,63,0,145,89,129
113,111,109,47,0,118,30,129
60,59,179,46,235,64,0,129
33,136,128,38,193,37,13,129
98,88,84,60,84,73,121,128
74,54,51,97,83,59,178,128
90,94,93,47,124,48,179,129
59,38,53,46,181,45,158,116
65,22,23,47,87,46,54,106
58,13,100,47,176,44,89,87
64,23,28,47,101,44,90,63
57,42,50,48,143,44,81,62
51,66,72,48,99,75,29,59
44,96,99,51,86,105,0,55
73,69,77,58,56,90,1,55
119,87,105,60,86,93,115,105
105,86,71,104,48,80,177,125
154,117,127,71,82,62,150,125
296,193,186,24,130,51,106,125
153,138,143,46,177,60,91,125
104,114,92,69,83,135,113,125
79,57,56,87,103,144,146,125
114,84,35,63,106,151,178,126
74,64,64,42,142,131,171,126
149,77,75,48,89,139,61,125
199,140,189,102,90,135,140,125
216,145,143,65,85,143,76,125
107,100,98,178,91,199,-169,125
116,115,106,186,132,223,-169,-164
94,276,97,134,157,112,91,125
114,142,108,143,231,70,63,126
195,97,91,84,248,75,51,126
116,123,50,21,99,106,-169,126
90,75,74,36,97,106,90,127
88,41,39,74,56,100,-169,127
65,53,27,54,49,180,179,126
137,11,51,50,68,147,142,86
51,67,56,35,55,68,-169,-164
62,51,81,37,25,0,5,54
180,79,90,39,13,83,94,89
103,73,68,43,26,191,-169,117
132,133,46,70,81,89,178,125
95,93,92,44,89,142,162,126
58,48,59,34,98,92,178,125
297,0,198,41,109,139,178,125
117,0,209,25,92,82,-169,-164
112,172,167,60,241,60,40,125
196,129,124,53,214,186,43,125
231,148,117,163,113,247,89,125
282,132,99,126,102,0,89,127
255,241,103,142,124,133,89,128
204,177,71,49,200,129,89,128
147,138,66,42,247,142,87,128
93,99,100,40,0,116,-169,-164
48,133,154,38,179,79,0,128
130,115,109,50,206,81,44,128
89,67,67,110,85,67,138,127
113,52,35,96,101,65,-169,128
76,71,74,30,142,63,-169,-164
97,25,35,22,156,67,-169,-164
107,3,101,20,198,69,92,85
81,14,31,24,137,65,91,21
84,92,53,37,98,90,90,87
94,63,58,38,97,95,-169,-164
95,63,67,39,105,95,91,88
95,63,69,38,104,95,-169,-164
95,64,70,39,104,93,-169,-164
95,64,70,38,103,113,71,85
92,115,58,41,91,126,0,61
75,107,101,47,92,97,0,58
91,87,99,47,73,93,18,87
87,85,96,49,78,74,146,113
82,62,63,75,83,77,-169,118
35,56,45,87,84,85,177,117
26,51,43,111,85,102,86,86
169,62,54,107,72,72,3,58
171,155,72,113,50,71,8,86
290,82,70,111,54,70,112,109
244,130,77,123,75,64,177,119
0,115,113,69,93,59,177,119
0,190,185,26,126,47,123,118
243,152,154,47,156,54,91,120
130,114,115,82,64,77,105,125
138,78,75,97,98,126,129,126
111,91,91,72,119,124,174,127
112,109,97,57,139,126,160,127
134,221,115,82,112,124,149,126
190,227,174,72,121,113,-169,126
148,130,0,203,258,191,91,126
138,135,129,141,158,186,67,127
114,82,81,133,152,109,105,127
0,123,69,64,0,109,78,126
203,107,102,65,0,79,89,128
163,62,58,15,86,103,91,128
105,92,89,16,79,105,91,126
60,51,46,128,83,104,179,126
65,69,25,49,46,168,-169,126
55,16,56,27,69,153,174,100
41,63,90,25,68,178,48,69
57,68,110,35,29,0,-169,-164
125,103,87,34,91,158,90,101
101,58,56,93,66,103,167,125
116,54,115,90,81,117,-169,124
75,76,79,36,93,94,153,123
109,35,134,33,100,93,-169,-164
0,0,0,45,120,85,-169,124
190,198,195,46,105,94,43,125
204,299,161,59,140,105,89,99
174,274,0,62,284,170,49,120
237,0,0,66,94,172,59,121
129,0,99,76,130,231,52,124
184,125,104,33,239,129,66,124
203,129,128,102,205,117,117,124
213,204,89,66,0,108,91,125
149,155,91,65,197,129,79,124
113,115,117,55,0,140,-169,-164
95,77,88,121,217,113,0,123
62,64,154,33,176,70,30,123
83,123,119,36,210,94,112,124
107,95,88,116,75,68,114,125
90,71,58,110,92,47,129,124
87,81,92,59,123,41,-169,123
49,46,64,47,153,45,164,122
70,22,54,45,167,46,105,88
79,26,55,46,155,41,67,55
49,64,72,54,105,69,21,50
42,43,97,59,99,92,0,51
95,74,77,63,82,89,79,89
87,63,61,98,62,88,-169,125
26,23,50,90,71,85,-169,-164
21,22,56,80,57,88,29,50
95,270,100,151,33,101,13,87
95,264,123,70,52,78,106,122
270,228,93,68,93,60,105,124
241,113,96,36,143,52,90,125
160,130,72,61,50,118,90,125
117,82,88,70,92,0,131,125
81,54,89,83,106,148,140,124
103,31,0,67,101,178,178,124
0,101,48,125,133,143,-169,-164
0,0,38,38,72,149,178,124
141,212,101,64,100,139,90,124
110,118,168,63,88,138,136,125
197,137,227,197,101,124,92,125
157,153,160,194,113,124,71,125
99,121,124,199,181,169,89,120
93,91,108,141,151,216,75,105
93,90,104,144,155,189,90,90
91,133,106,142,208,187,-169,-164
91,149,104,142,209,187,89,90
93,134,104,143,211,216,87,102
86,112,100,141,214,186,85,104
84,110,100,140,170,92,85,104
81,72,93,141,169,91,85,104
100,147,89,142,175,109,84,105
76,68,54,138,176,108,-169,-164
100,67,88,142,176,108,84,90
87,81,85,142,178,93,85,93
99,117,84,143,181,89,72,105
75,112,79,142,242,88,58,110
93,110,73,22,132,97,55,114
94,101,48,140,150,71,57,118
104,99,99,21,0,72,91,118
160,72,74,51,0,69,91,119
130,121,47,18,97,107,90,121
97,82,82,50,85,103,98,124
74,51,46,22,92,100,178,123
101,30,27,64,59,108,178,123
63,60,64,36,60,67,179,124
30,24,27,22,89,102,177,123
96,5,50,21,98,103,91,85
14,8,31,22,88,134,63,65
112,35,39,24,66,135,51,60
56,68,72,25,38,105,21,54
135,84,99,55,18,168,61,88
133,69,99,84,46,142,99,123
102,115,40,95,85,74,178,122
77,92,0,82,58,98,156,87
78,94,0,82,59,78,178,91
67,68,91,41,70,83,177,118
45,40,139,38,90,87,177,117
0,0,136,41,106,85,177,116
132,0,50,47,133,78,124,117
113,0,110,16,157,73,76,117
102,15,237,17,165,74,-169,-164
136,36,23,19,118,75,89,90
284,239,91,18,164,73,90,90
0,0,91,18,165,73,90,90
0,18,23,15,118,74,90,89
0,19,104,16,119,73,90,89
0,22,91,13,164,73,89,90
0,0,0,17,164,17,89,90
269,0,161,27,99,75,-169,-164
205,138,128,48,88,113,87,126
0,0,92,201,85,144,60,126
156,0,108,146,97,236,88,126
132,0,114,141,152,243,84,126
213,157,111,103,93,115,85,125
234,224,92,57,142,108,-169,126
158,170,88,57,189,119,96,126
130,114,130,67,0,128,-169,-164
87,82,88,50,0,126,5,126
59,56,54,50,216,80,0,127
167,146,143,74,169,34,0,124
120,111,110,59,203,65,99,123
92,79,79,105,90,49,163,123
75,59,52,116,104,43,126,123
78,78,94,134,133,52,-169,-164
59,40,48,33,163,61,172,118
32,28,41,31,168,61,91,86
40,37,56,37,150,51,0,58
58,61,66,43,108,79,0,58
42,70,93,44,84,116,0,56
59,58,67,49,67,102,-169,-164
67,62,65,48,65,102,124,112
58,45,47,85,50,101,178,122
31,29,47,80,61,99,160,88
31,31,40,72,51,98,0,61
119,80,73,136,35,115,1,62
95,135,92,137,31,112,76,93
103,126,77,68,49,118,146,120
76,236,115,63,80,71,143,121
48,221,218,63,112,54,117,121
0,184,170,54,146,39,79,121
143,131,96,81,181,113,67,121
111,101,97,88,79,69,91,122
126,78,79,111,109,121,122,121
103,103,88,85,146,132,161,122
287,69,57,106,128,157,169,122
256,59,57,51,122,139,178,122
143,218,0,69,93,133,177,121
115,183,183,40,96,126,91,121
158,147,148,66,82,126,92,122
123,111,110,189,118,131,91,125
142,120,69,181,112,178,-169,-164
107,103,105,126,166,104,-169,130
106,114,58,133,216,80,95,131
117,97,88,56,0,79,77,130
124,115,114,25,107,100,90,130
85,64,61,138,89,88,124,131
87,35,31,58,82,128,178,132
42,35,36,26,86,127,178,131
101,3,50,24,102,140,100,86
92,5,14,25,96,145,43,64
99,27,35,29,76,177,27,58
51,47,60,30,54,0,31,60
175,61,83,25,44,106,66,73
146,63,83,28,52,104,148,121
137,134,142,81,54,78,-169,130
90,82,82,37,89,94,107,128
0,37,35,150,94,91,-169,128
275,0,0,53,183,81,109,129
0,191,185,66,236,111,75,131
176,0,82,66,287,173,-169,-164
144,0,133,152,119,225,86,131
162,294,114,114,0,126,-169,-164
145,240,131,65,224,142,90,130
158,105,98,68,0,114,74,130
130,119,123,67,0,116,71,130
92,86,83,44,211,104,2,130
45,174,160,38,169,53,0,130
124,116,114,37,196,87,67,130
91,75,70,96,81,74,169,128
68,60,46,93,85,64,179,127
96,89,90,44,121,53,178,127
50,42,55,36,165,59,99,128
12,5,107,30,193,59,99,88
49,3,87,32,95,57,90,52
62,41,51,40,141,50,68,54
58,76,82,46,95,76,7,57
48,50,57,54,94,98,2,56
89,65,71,58,86,93,91,89
63,54,54,63,79,95,-169,-164
37,38,36,99,62,50,94,88
35,52,37,99,56,93,40,66
147,72,59,97,39,95,0,61
106,107,96,93,27,109,33,87
99,204,79,148,46,116,120,123
113,117,69,65,81,68,150,123
263,195,234,19,122,53,100,122
209,147,147,40,167,53,91,122
135,109,104,59,69,87,-169,-164
101,73,70,83,93,132,133,129
108,43,0,114,108,151,179,129
75,105,73,131,124,150,179,129
155,102,100,45,91,141,133,127
120,118,187,103,90,134,136,128
206,144,140,199,94,136,88,128
124,144,140,189,145,131,80,127
114,116,141,182,193,128,72,127
91,131,85,124,234,91,89,127
138,113,108,125,0,81,89,128
159,65,61,14,0,113,90,128
107,95,91,17,78,106,90,127
101,51,50,107,43,99,178,127
89,34,35,51,85,163,-169,-164
46,41,46,27,78,130,179,127
92,47,12,27,89,108,112,88
88,10,11,27,89,108,91,63
117,44,50,29,58,180,58,54
144,64,82,28,107,95,-169,62
147,76,91,28,24,0,91,90
110,66,81,34,48,0,127,121
140,33,27,87,78,121,178,121
112,112,0,96,70,112,178,122
82,76,84,21,89,106,179,120
144,46,50,23,125,102,-169,-164
0,0,194,32,89,93,-169,119
277,0,0,45,183,87,81,119
201,130,128,16,99,121,33,119
214,150,99,36,125,74,89,120
185,125,121,39,278,173,71,120
162,47,91,163,87,246,81,120
205,0,112,135,88,247,-169,119
109,213,0,136,98,215,-169,-164
173,272,147,97,89,109,25,120
166,133,106,52,123,139,100,120
225,198,92,62,0,112,92,119
181,163,88,57,0,119,59,120
148,125,80,58,250,126,40,120
108,106,102,125,0,117,-169,120
70,69,183,36,215,74,12,120
59,153,149,174,170,92,24,121
90,120,120,30,195,43,34,121
102,91,91,49,236,84,101,121
82,60,59,120,80,76,132,120
79,50,39,87,83,70,-169,120
104,44,44,56,109,66,179,120
78,74,78,33,133,60,180,121
50,44,49,32,133,59,-169,-164
83,20,41,30,153,60,91,87
81,22,33,31,142,59,91,61
52,52,60,33,97,61,76,56
70,100,96,37,91,88,34,55
67,97,111,34,77,94,24,56
81,81,87,47,78,94,-169,108
68,58,92,60,79,102,-169,-164
46,24,84,81,116,122,-169,-164
37,16,23,81,100,111,-169,-164
46,41,44,90,54,96,0,57
127,84,68,89,27,99,5,85
126,84,67,92,35,94,91,117
114,76,65,79,59,86,154,119
273,131,131,56,91,73,-169,123
0,187,191,17,131,57,153,123
0,165,146,77,173,58,90,123
123,110,108,91,73,68,90,125
143,87,81,109,112,118,123,125
103,71,68,72,121,128,158,123
270,238,96,62,153,133,161,123
147,111,97,61,106,136,156,124
118,182,130,71,96,125,127,123
153,142,143,192,89,144,91,124
106,101,97,182,127,202,91,123
137,58,57,171,171,130,101,123
109,108,72,123,151,237,90,124
132,117,65,8,286,107,134,125
128,112,108,68,0,78,62,124
113,153,70,21,0,108,54,123
125,112,111,18,108,109,-169,-164
79,72,78,35,82,102,89,123
90,40,36,60,100,103,-169,-164
66,21,15,55,83,95,178,124
69,64,68,0,61,70,178,123
58,57,7,74,60,136,156,87
60,60,67,167,50,89,63,62
82,90,92,39,15,180,44,56
87,104,56,42,9,180,91,104
82,80,83,35,39,178,-169,122
50,43,43,28,73,89,135,123
101,21,26,27,86,102,100,88
108,21,38,27,82,175,63,66
40,44,59,31,57,65,-169,-164
109,57,81,31,43,98,27,60
227,108,96,29,86,97,90,88
170,71,91,36,50,94,136,120
141,43,39,99,64,97,135,120
111,110,204,105,89,112,-169,123
77,68,78,27,93,102,150,123
135,36,36,24,90,102,-169,-164
0,0,0,35,105,125,153,122
0,0,200,11,88,83,52,122
0,152,103,44,244,76,67,122
184,77,115,139,61,195,71,122
228,41,81,128,91,248,-169,-164
192,207,0,131,81,227,-169,122
162,297,290,103,114,254,26,122
247,128,100,53,113,112,54,122
209,200,86,57,0,113,98,122
168,163,86,68,0,120,91,122
138,126,125,57,211,124,31,122
98,100,95,111,0,111,-169,-164
63,66,171,161,198,110,4,123
46,139,135,160,181,68,-169,-164
114,105,104,44,91,90,91,123
92,75,71,98,81,72,158,122
90,69,57,101,82,57,177,122
92,91,103,60,110,44,-169,-164
63,59,60,53,136,36,-169,119
57,37,46,53,153,37,91,109
50,33,44,54,153,37,90,86
53,43,56,55,137,36,60,61
47,74,80,57,129,67,29,54
46,46,54,66,93,88,-169,-164
97,97,86,73,40,100,40,87
106,79,76,75,44,75,143,123
251,152,67,150,79,67,-169,-164
0,124,94,69,86,55,179,126
271,168,166,50,152,40,131,125
141,129,105,92,195,102,91,126
180,96,102,117,98,107,-169,-164
102,83,70,124,155,125,138,125
262,56,93,61,147,127,166,125
220,215,110,76,155,128,156,126
103,170,170,116,107,98,145,125
193,179,129,197,107,160,-169,-164
143,0,132,184,149,139,100,125
111,114,126,182,137,222,90,126
85,140,88,136,183,94,90,127
220,127,122,137,0,71,70,127
174,86,78,53,261,107,91,126
123,116,111,21,110,101,91,126
84,66,76,40,103,98,110,126
45,34,34,70,62,104,-169,-164
75,20,17,110,55,72,178,127
36,31,36,19,86,137,178,123
28,9,23,17,88,145,91,85
19,18,24,20,81,0,40,60
45,47,50,22,54,116,-169,-164
148,71,78,21,34,109,33,58
99,76,88,51,38,104,-169,-164
152,48,45,95,79,71,178,129
106,96,97,92,80,81,161,128
0,59,53,43,90,82,132,127
0,0,204,50,174,80,95,127
200,125,122,38,225,121,-169,127
0,148,90,51,168,168,114,127
136,0,110,139,103,228,70,127
192,114,108,145,150,124,79,127
189,249,134,104,106,123,54,127
213,121,87,61,0,112,90,127
161,153,80,57,0,131,97,127
108,110,107,45,0,119,79,127
84,55,64,272,216,126,0,127
37,120,143,45,177,44,0,127
109,101,98,57,215,71,89,127
100,59,56,115,86,65,146,127
52,46,30,101,111,63,-169,124
74,69,78,31,99,63,178,124
40,30,40,24,176,68,105,107
83,17,32,23,181,68,90,86
95,36,48,28,124,62,42,54
66,76,91,32,89,94,14,52
65,67,98,40,57,112,21,73
75,71,122,42,70,110,136,122
56,37,37,85,49,111,178,122
34,33,28,75,54,54,79,83
50,50,57,131,27,119,7,53
99,59,60,113,34,124,90,116
103,142,67,59,64,117,172,121
70,225,133,63,94,67,112,122
288,184,180,86,134,53,52,123
199,143,150,45,171,137,65,122
133,109,105,73,73,90,90,122
96,66,69,78,87,149,148,122
101,54,45,102,93,135,164,121
104,71,0,46,101,149,170,122
71,63,64,39,132,136,-169,-164
152,70,64,31,85,138,152,122
130,206,203,75,88,133,108,123
103,113,162,118,92,106,92,125
127,116,114,191,115,202,92,128
124,117,63,178,100,180,104,129
103,153,109,127,258,238,-169,-164
268,131,99,135,279,77,86,129
185,157,157,49,0,109,76,129
118,105,27,16,0,106,89,129
72,57,51,18,87,99,166,131
93,91,76,50,84,164,178,129
44,38,40,24,82,129,167,126
14,9,17,21,100,115,90,86
14,10,18,22,92,139,90,72
26,25,33,26,72,181,91,60
53,61,74,32,34,182,59,52
111,106,108,35,7,167,72,93
108,101,96,36,30,176,135,124
146,40,34,58,69,0,160,124
111,109,0,101,83,108,177,124
70,0,161,15,109,112,159,124
0,25,27,18,149,106,-169,-164
280,0,0,40,186,95,120,125
136,191,120,33,100,126,17,124
159,149,89,36,115,115,65,124
168,108,98,144,77,263,89,124
209,0,109,157,67,250,178,124
184,188,0,75,106,133,-169,-164
233,256,120,96,110,113,44,124
214,216,87,54,0,117,90,124
252,166,78,72,223,134,90,125
125,122,119,63,0,133,56,125
94,80,79,40,241,100,1,126
53,166,151,33,168,63,0,125
124,114,112,42,215,102,91,125
96,76,71,98,93,72,90,125
67,70,42,93,86,65,178,125
91,89,91,41,123,57,179,126
52,45,55,30,163,64,116,125
17,11,108,29,190,60,113,87
31,30,55,30,152,60,107,50
75,76,84,38,90,70,90,80
79,97,96,39,111,85,28,72
61,111,111,42,90,120,4,60
72,76,99,42,77,81,11,63
83,77,131,44,77,82,136,113
86,53,54,68,92,105,176,119
32,54,49,105,78,89,-169,-164
39,62,52,104,52,84,7,51
101,92,78,103,38,84,83,107
99,128,139,85,67,101,175,122
71,135,110,73,104,55,97,124
184,170,168,41,145,48,90,125
152,131,78,71,54,193,91,126
107,84,82,76,94,105,153,126
141,62,66,123,93,143,164,126
99,75,67,116,108,139,159,125
121,53,55,44,106,140,158,126
142,168,106,73,91,132,155,127
108,178,176,112,100,124,84,127
143,132,132,0,97,146,91,127
163,92,87,178,141,197,91,126
125,96,245,130,110,120,119,126
95,107,92,127,146,102,92,126
264,125,45,133,0,83,91,126
219,87,80,76,236,85,77,127
125,116,115,17,103,104,-169,-164
84,70,73,145,98,107,115,126
102,40,36,81,100,101,178,127
82,80,17,51,48,79,-169,-164
42,37,41,17,84,161,135,126
11,9,17,12,99,53,95,87
20,20,29,17,78,0,29,56
53,49,61,24,55,0,-169,-164
115,61,81,25,41,109,1,57
176,115,95,112,27,100,67,89
109,69,69,102,36,97,124,122
132,136,134,97,68,79,-169,122
102,97,105,45,80,122,166,121
149,65,63,34,102,92,156,121
0,35,123,37,145,88,155,121
0,0,161,45,179,86,90,121
0,128,124,16,97,124,46,122
166,141,92,41,254,110,-169,122
130,119,110,160,63,250,89,122
222,113,26,155,81,255,133,122
207,131,98,122,117,141,59,122
215,112,98,84,89,120,89,122
247,226,90,38,211,137,91,122
227,188,79,46,0,123,91,122
187,149,77,54,230,142,92,122
119,109,110,63,0,136,91,122
85,90,91,46,0,128,0,121
60,63,57,63,0,75,0,121
28,0,178,64,0,78,4,98
27,135,42,62,124,106,110,67
38,50,51,55,230,74,118,86
38,50,51,27,169,75,96,86
38,49,51,24,230,76,95,85
38,49,52,56,231,76,-169,-164
38,49,52,47,161,75,94,86
37,40,51,47,235,75,145,89
38,38,51,48,232,75,-169,85
38,38,52,48,0,78,-169,78
49,57,188,47,140,96,178,65
55,64,187,45,177,82,108,88
48,57,180,57,142,65,38,122
103,154,92,48,174,44,85,121
63,115,82,58,91,18,91,121
100,87,85,82,88,52,98,120
85,74,67,117,95,40,178,120
89,87,51,107,116,36,-169,120
60,58,72,54,136,41,174,119
37,30,55,47,159,44,176,119
65,18,93,47,163,44,91,87
63,21,89,47,158,45,88,65
69,37,112,51,137,38,10,61
40,58,65,55,117,69,0,57
32,55,67,76,89,111,0,58
62,45,84,53,80,74,16,84
62,44,74,77,81,72,134,102
59,41,72,76,84,71,178,104
53,33,35,83,63,57,178,117
35,32,21,119,65,111,168,88
34,32,22,78,59,107,45,65
45,44,45,128,38,104,0,59
103,60,63,134,26,102,46,87
120,60,63,128,26,115,91,89
99,57,60,134,32,107,141,108
116,53,73,127,38,113,174,110
90,141,117,64,57,47,170,119
66,227,225,65,89,90,139,122
43,190,186,31,131,57,91,124
0,147,145,65,175,169,74,126
166,106,100,94,83,119,90,126
115,67,93,117,100,277,120,126
84,52,46,77,147,146,-169,-164
0,38,100,48,120,142,177,126
191,210,294,65,106,141,120,126
235,107,165,58,71,156,103,127
119,112,111,179,114,142,-169,127
72,63,61,169,120,139,-169,-164
111,71,70,118,164,111,93,127
100,235,148,133,0,104,98,127
111,176,95,78,0,73,52,128
142,120,122,27,102,99,88,128
82,72,70,147,102,91,89,128
92,38,36,78,69,106,178,127
62,62,68,70,68,141,179,128
21,16,25,21,98,181,-169,88
9,5,22,20,99,150,83,78
20,20,39,26,75,234,39,55
52,61,70,28,37,152,36,54
144,92,93,26,19,147,90,91
119,71,91,33,39,99,178,119
143,139,104,101,62,64,-169,-164
107,101,102,56,78,93,141,122
71,66,68,38,107,89,152,122
0,196,33,41,91,83,178,122
274,229,158,52,183,79,90,123
0,188,121,41,219,120,61,123
207,150,94,51,163,122,73,123
186,55,57,151,81,245,-169,-164
87,86,116,137,96,246,-169,-164
190,269,174,138,104,113,50,123
156,260,113,96,105,140,88,123
216,214,91,55,0,109,92,123
98,176,91,62,0,116,91,122
149,134,88,75,0,119,44,122
99,104,100,78,0,126,7,122
90,67,77,36,219,96,0,122
53,167,155,33,162,64,0,123
134,123,120,34,194,38,91,123
100,99,94,56,239,75,135,122
85,79,65,108,73,61,169,121
103,70,53,74,97,48,-169,121
80,72,74,54,129,40,-169,-164
60,38,75,52,158,39,169,121
55,24,41,53,165,40,93,86
68,24,40,53,163,39,87,75
49,39,55,53,130,70,41,57
31,59,88,64,88,73,1,48
66,54,59,77,71,108,57,89
67,54,56,78,109,76,91,111
50,34,34,87,54,109,152,120
32,32,24,116,60,106,98,86
45,44,43,83,35,109,22,49
104,90,71,137,19,107,74,106
103,109,61,135,38,125,137,118
91,251,72,63,64,114,158,121
71,237,139,64,92,64,160,123
273,194,183,31,135,49,74,124
216,141,138,53,174,132,48,124
108,99,97,83,79,165,90,124
85,64,56,82,99,0,130,124
100,40,48,110,95,182,178,124
113,56,0,110,108,178,178,125
0,106,89,160,144,156,178,97
0,58,121,158,132,178,154,86
0,57,0,157,143,164,178,90
0,119,88,25,90,160,179,113
0,35,35,34,89,155,-169,-164
146,229,96,87,95,144,132,118
130,196,197,97,84,130,72,121
162,108,163,64,109,135,90,121
166,119,126,148,97,132,94,121
97,91,90,170,103,140,-169,121
134,62,60,174,102,182,115,121
106,106,118,135,129,115,95,122
83,167,164,69,180,99,61,123
227,103,97,135,278,77,57,122
104,97,90,65,188,112,67,123
154,60,57,15,87,106,101,122
107,100,107,16,97,104,90,122
87,64,63,0,131,111,134,123
124,43,42,129,53,126,179,123
87,82,34,55,84,118,177,122
52,49,51,31,69,134,-169,-164
26,16,19,27,95,111,146,113
90,10,13,27,98,110,90,85
101,16,22,28,85,128,91,63
101,45,47,30,63,70,32,58
150,134,76,32,47,96,0,57
171,114,91,126,30,126,37,86
124,83,82,71,32,0,90,112
110,65,67,72,48,112,116,121
119,122,106,87,78,108,-169,121
95,94,98,37,85,159,154,121
66,61,73,29,107,98,154,120
0,32,32,30,95,96,178,120
288,0,0,40,108,142,170,120
192,212,143,51,89,75,67,122
189,121,111,38,121,119,30,122
154,144,88,45,272,121,84,121
163,111,52,170,82,238,79,121
203,114,79,161,115,155,91,121
196,138,128,160,101,143,91,121
162,270,103,91,100,133,62,121
236,103,93,44,0,126,90,121
178,189,81,48,0,119,92,121
168,147,79,67,0,140,91,121
117,118,118,71,0,135,71,121
97,86,84,106,0,110,4,121
48,51,186,98,0,85,0,122
37,148,95,47,186,50,-169,-164
125,117,115,48,205,25,76,121
98,87,85,67,232,64,145,121
84,75,62,110,84,52,157,121
99,59,47,77,110,45,-169,-164
71,71,85,51,134,42,179,122
45,37,65,47,158,43,-169,-164
61,24,30,48,164,47,92,86
34,29,40,48,154,41,91,63
64,59,66,51,123,70,59,55
41,93,102,54,104,129,0,54
63,62,69,67,60,83,0,54
95,80,79,70,77,80,89,90
92,71,71,74,66,79,-169,116
259,80,66,85,69,75,-169,-164
226,130,101,60,95,69,178,123
0,182,180,22,135,64,178,124
242,157,154,59,168,35,94,124
128,116,116,97,67,61,67,123
156,101,87,110,100,126,90,124
110,60,57,126,127,173,137,122
76,74,0,81,161,145,173,122
0,35,99,47,172,156,178,122
0,218,299,63,101,141,174,122
119,122,212,111,100,144,103,122
147,137,138,67,85,137,129,122
143,106,102,183,124,133,100,122
118,123,116,184,101,146,-169,125
97,98,110,140,143,112,-169,126
152,151,74,21,135,98,66,126
125,107,104,71,236,73,66,126
151,142,60,20,276,107,90,127
104,97,95,19,106,106,91,126
70,54,50,18,86,102,178,126
99,36,29,62,72,120,178,126
62,59,59,71,66,156,179,127
25,20,33,24,89,179,-169,102
20,17,31,24,89,178,91,79
31,27,43,26,83,178,54,60
53,60,68,30,38,151,19,52
124,124,93,66,88,0,31,86
177,117,87,78,88,105,116,119
145,112,56,109,70,107,138,130
96,91,98,48,89,89,156,130
104,127,38,40,94,87,166,130
0,0,149,49,194,74,110,130
182,116,103,41,251,109,64,130
171,59,99,167,82,247,83,130
211,0,105,127,117,151,89,130
165,268,163,89,136,146,89,132
174,206,83,58,251,114,89,132
159,144,85,64,0,125,62,132
97,95,91,141,0,135,15,131
43,50,165,184,185,70,0,130
77,120,117,46,205,83,56,129
89,78,78,101,85,61,160,126
73,56,52,120,100,49,163,126
79,74,94,50,132,45,-169,-164
59,31,35,46,166,46,-169,-164
65,19,97,46,174,44,92,87
63,26,59,46,156,43,-169,-164
50,60,67,47,106,75,38,55
43,67,99,50,79,107,0,55
58,55,86,54,73,102,79,87
56,52,56,52,80,72,114,114
38,31,33,86,95,53,177,120
28,30,17,123,76,45,149,87
32,33,26,73,50,58,20,49
124,61,85,137,21,107,17,87
97,98,71,117,21,107,91,96
95,131,90,134,39,115,167,119
72,135,131,68,65,108,135,121
56,217,220,71,101,56,90,124
230,173,169,47,143,41,91,123
170,130,131,77,50,49,92,124
115,96,95,93,85,116,142,123
130,103,74,119,116,116,146,123
292,86,71,85,149,121,153,123
255,111,103,67,170,125,158,123
135,210,90,81,121,124,158,123
102,174,173,88,106,117,110,123
161,138,136,93,97,141,90,124
165,102,98,186,136,132,-169,-164
115,110,154,184,177,197,-169,124
105,158,129,128,217,106,110,124
281,117,143,11,0,98,114,124
117,106,105,63,189,81,64,124
164,74,68,15,0,107,91,123
122,111,109,12,89,112,91,123
80,72,74,0,93,114,114,123
70,46,41,19,47,102,171,124
98,35,25,58,85,130,178,122
67,63,67,76,58,135,178,122
32,27,29,21,85,150,-169,-164
101,5,12,21,86,151,91,89
101,7,15,21,93,123,91,63
115,36,44,24,61,0,28,53
111,59,77,24,40,109,49,87
114,60,70,27,60,0,94,122
147,227,20,77,71,112,168,125
106,103,102,103,79,116,168,125
67,59,58,14,114,109,175,126
0,0,0,29,87,96,130,125
144,0,0,11,197,83,-169,126
184,173,106,37,241,75,74,125
143,131,128,171,61,194,90,125
136,0,95,117,86,247,95,125
196,182,138,133,129,124,66,125
160,140,262,95,102,107,87,125
171,207,91,58,0,112,89,127
152,154,86,64,232,123,89,129
113,112,111,65,257,126,33,129
76,59,66,54,230,90,-169,-164
99,144,92,42,174,48,0,129
114,98,93,58,235,70,108,128
69,55,51,123,83,66,123,128
107,41,23,102,116,67,-169,-164
68,63,65,23,110,69,178,127
36,30,55,18,138,74,89,89
31,27,60,18,140,74,90,89
32,27,77,18,139,74,90,87
31,27,38,18,139,74,89,88
31,27,74,18,140,74,90,88
31,27,87,18,139,74,90,87
32,27,73,18,175,74,89,88
32,27,107,18,142,74,90,88
32,28,39,18,137,73,90,69
54,53,63,25,139,68,85,53
81,94,100,33,92,132,19,54
71,75,115,33,84,102,72,90
66,91,110,38,76,82,-169,118
43,62,90,54,105,115,-169,-164
20,38,83,79,91,128,-169,-164
18,41,56,68,96,135,34,64
53,30,36,77,90,67,0,64
58,43,49,73,44,106,0,63
66,58,59,79,29,108,2,86
65,67,57,79,32,106,111,110
54,49,45,129,46,101,174,118
30,26,31,80,60,97,177,103
27,25,31,79,57,97,74,69
115,117,69,131,40,123,0,63
92,125,88,107,34,116,29,87
90,113,75,115,46,129,91,118
92,233,63,55,79,83,146,122
57,229,201,83,112,65,119,120
0,172,169,43,94,47,91,119
243,139,97,83,179,42,91,119
120,109,105,93,75,66,-169,-164
134,81,99,112,112,126,120,124
101,81,69,70,136,128,168,125
145,60,117,53,151,135,165,124
233,104,97,62,140,133,117,124
126,134,267,73,98,154,-169,-164
150,141,145,62,86,110,95,125
104,101,98,166,129,209,103,128
56,45,44,162,122,212,101,130
104,171,90,120,244,105,150,130
99,52,145,116,175,115,134,77
124,100,146,172,161,204,128,53
94,95,101,77,0,123,63,71
110,108,112,201,0,145,-169,-164
109,107,108,78,279,123,104,108
98,94,94,191,135,127,147,118
129,69,120,186,166,171,137,121
106,294,88,137,202,101,91,121
84,166,93,137,240,101,91,121
140,105,98,139,154,73,47,121
186,94,88,21,0,84,91,121
138,56,135,18,284,102,-169,-164
102,96,95,20,0,107,89,122
70,56,60,92,83,102,156,123
100,37,32,79,33,114,-169,-164
78,77,77,59,52,142,178,122
43,39,42,21,79,159,-169,122
106,11,19,20,95,181,108,88
100,12,18,21,87,180,90,71
32,31,38,24,67,0,44,61
52,59,64,26,43,109,16,61
143,71,88,25,79,109,36,86
142,72,86,26,43,104,97,109
103,55,92,44,67,106,-169,121
137,129,0,73,86,102,-169,122
96,91,97,26,83,104,178,122
63,57,57,22,119,103,129,122
0,0,26,30,88,95,178,122
135,0,0,24,185,80,67,122
202,130,124,46,216,85,11,121
165,143,94,53,132,128,91,121
250,65,116,151,66,246,90,121
221,0,26,156,83,251,138,121
185,198,140,133,86,252,72,121
162,279,129,96,94,134,37,120
233,243,98,51,119,153,89,119
193,203,90,57,0,110,89,121
153,161,89,63,94,119,82,122
133,128,126,78,0,130,14,123
99,98,93,143,0,114,10,123
67,70,162,16,210,103,26,122
37,138,127,45,0,82,90,122
69,100,96,118,63,75,96,122
92,85,74,114,78,73,174,122
92,90,61,71,109,35,109,123
59,58,71,67,145,43,-169,-164
38,35,57,46,158,52,91,86
42,42,66,53,141,37,59,57
65,65,72,63,113,57,15,59
28,82,86,69,122,107,7,59
43,41,92,68,91,101,5,59
83,69,72,87,80,63,46,61
94,79,80,90,79,63,-169,-164
87,77,72,97,84,64,-169,-164
166,73,62,117,83,69,-169,-164
232,109,66,132,84,64,152,88
230,69,69,96,75,62,38,59
162,133,88,120,53,67,42,86
90,131,95,125,64,59,92,118
227,116,107,77,91,54,137,118
229,192,96,24,122,48,131,117
170,161,106,40,150,48,127,117
191,133,132,67,180,103,120,117
124,104,101,71,75,80,110,119
92,75,73,94,92,170,110,120
98,56,90,101,118,132,155,120
102,75,0,50,108,149,178,120
74,73,53,157,124,147,-169,-164
0,46,43,43,113,145,158,119
151,103,95,61,95,143,125,119
127,194,273,96,86,141,145,119
159,162,219,117,89,132,103,120
134,125,126,187,104,133,101,120
98,91,89,179,141,134,90,120
111,112,107,183,115,180,101,121
97,195,105,134,135,224,97,121
74,152,79,120,188,91,90,122
106,208,96,146,287,68,36,121
177,90,84,78,253,103,60,121
135,50,54,22,88,100,-169,-164
97,91,92,21,0,106,-169,-164
85,60,53,19,85,98,176,121
92,37,35,76,38,107,178,122
70,67,92,79,58,149,177,121
34,29,32,28,86,101,177,121
102,10,105,26,96,108,115,87
93,11,17,27,91,103,-169,-164
104,32,38,29,68,78,39,62
54,64,69,31,48,0,9,61
106,66,73,30,35,133,3,63
168,70,100,80,35,95,70,87
169,70,97,41,32,95,96,103
161,130,98,97,49,92,177,115
139,133,106,90,51,64,177,117
110,56,108,52,69,90,144,118
86,78,77,41,87,87,121,119
103,47,47,133,81,92,-169,-164
0,0,19,34,104,91,-169,118
68,226,103,40,113,123,135,88
66,228,229,39,171,53,129,88
0,0,228,39,111,124,-169,-164
0,228,157,40,113,124,-169,88
0,225,0,39,114,93,91,102
0,0,143,14,99,89,140,115
118,196,0,46,95,90,137,114
114,272,126,45,119,62,72,116
188,248,150,57,144,108,49,117
158,0,0,187,209,174,40,119
210,0,94,132,107,238,44,121
207,159,107,136,100,226,90,122
200,299,109,99,85,138,90,124
243,115,94,49,215,119,90,124
184,184,81,68,260,118,90,124
144,147,81,70,0,128,63,124
109,105,99,157,0,116,22,124
64,64,169,20,214,68,0,124
42,142,128,44,187,47,35,124
101,91,90,45,228,83,92,126
102,58,54,108,69,70,179,125
110,61,59,116,101,58,-169,-164
74,69,68,43,138,48,158,124
67,33,101,40,166,53,110,112
27,22,49,39,171,53,-169,-164
84,28,50,40,160,48,32,62
49,56,62,44,112,80,20,55
43,64,77,52,80,115,3,54
65,61,65,42,69,111,43,88
62,55,58,46,80,74,149,118
46,31,31,121,55,53,159,102
37,46,29,71,52,107,87,74
55,56,57,81,24,117,25,67
105,67,66,79,22,145,95,106
113,126,71,117,50,121,-169,122
73,234,230,62,83,68,149,123
60,195,192,27,122,45,108,123
257,156,153,58,162,32,91,123
127,116,115,98,68,58,92,123
180,122,94,113,104,143,113,122
101,84,66,146,152,129,158,123
276,141,97,59,169,131,157,124
0,108,97,61,145,131,157,124
117,120,238,79,97,130,121,124
178,133,148,149,88,105,-169,-164
111,105,103,174,128,139,-169,124
121,67,67,179,168,179,91,124
110,108,108,129,209,108,-169,-164
83,155,69,64,251,102,-169,-164
132,121,113,136,0,80,63,123
168,75,72,48,0,103,72,123
124,114,112,15,105,109,90,123
79,71,77,148,93,110,98,124
98,40,37,23,106,102,178,125
90,74,26,44,43,128,178,126
53,50,111,17,72,155,178,125
20,14,19,14,89,143,-169,-164
16,11,18,14,87,140,91,79
23,20,30,16,81,187,74,66
41,39,45,19,61,189,15,62
56,65,65,22,42,159,0,59
178,69,85,22,39,119,52,87
168,63,83,25,40,105,139,112
99,145,47,100,65,106,156,116
130,121,140,76,92,116,156,121
101,99,0,27,80,104,164,123
67,61,137,20,112,105,164,122
0,28,23,25,85,99,170,122
0,0,221,41,111,87,90,122
0,184,115,30,105,129,55,122
154,143,88,37,267,118,47,122
117,106,93,118,76,255,91,122
211,0,100,124,97,255,-169,-164
194,145,127,15,98,148,19,122
269,106,99,79,108,143,103,123
184,206,72,51,0,130,91,123
197,168,71,51,114,136,91,123
136,107,127,60,0,135,65,123
101,96,91,36,0,110,13,123
57,55,103,193,0,108,0,121
47,50,110,39,240,62,44,89
46,51,83,40,241,61,81,87
47,237,93,41,240,62,88,89
47,84,64,40,241,61,88,87
47,51,54,0,237,66,89,71
56,38,73,26,230,101,90,67
65,69,74,95,215,105,90,66
49,207,196,40,196,142,88,65
98,100,96,74,180,47,89,89
100,93,118,40,0,109,87,118
68,69,173,156,84,105,-169,-164
62,147,92,165,174,66,24,120
97,116,115,29,200,44,87,120
97,88,85,110,243,81,130,123
93,60,56,109,72,66,150,124
111,58,36,63,104,60,-169,-164
75,71,82,37,138,55,178,123
46,37,60,33,162,58,-169,-164
41,31,50,33,161,57,90,77
52,53,60,37,133,57,74,55
69,90,63,44,107,80,10,55
63,62,92,60,87,92,-169,-164
70,66,98,58,86,92,107,96
59,51,53,62,80,96,-169,-164
38,32,31,99,76,50,163,88
34,28,29,98,96,48,90,88
35,30,34,97,60,95,11,64
46,68,54,96,43,93,1,61
110,89,75,95,29,122,5,83
103,89,71,96,37,113,105,112
101,127,72,80,61,77,153,119
80,222,137,66,90,62,165,120
0,186,111,25,128,49,90,120
161,146,147,47,165,44,89,120
175,110,129,55,65,77,89,124
85,75,72,89,105,136,124,124
104,49,77,121,132,149,153,124
92,107,55,122,107,155,178,123
0,45,114,41,105,149,178,123
148,106,100,72,91,143,148,123
112,111,186,91,98,125,99,124
156,144,145,94,91,126,54,125
110,102,100,180,130,131,96,123
125,64,62,185,171,132,91,123
104,123,106,129,214,105,91,123
69,145,65,9,292,58,-169,-164
242,106,71,64,0,80,90,124
159,139,55,15,0,107,90,126
103,93,92,18,0,104,-169,-164
66,52,47,128,90,97,159,126
92,70,27,51,82,138,-169,125
50,46,51,24,76,181,-169,-164
21,10,60,21,99,119,122,88
90,6,14,21,97,120,90,86
18,17,25,23,78,143,68,54
50,62,68,26,39,105,15,52
144,97,88,24,95,106,89,92
166,60,99,95,40,102,163,121
134,132,100,96,54,100,172,123
96,90,99,38,85,97,141,123
105,55,55,39,97,91,164,123
0,0,100,128,101,86,109,124
0,142,138,13,84,82,91,123
180,155,101,34,246,112,70,123
291,71,117,38,61,197,101,123
112,101,96,163,86,245,-169,-164
63,278,134,133,125,67,-169,-164
175,152,138,95,99,149,90,123
154,222,90,54,0,111,67,124
157,177,87,62,0,119,90,124
140,127,129,66,0,125,51,124
78,92,91,0,0,108,8,124
55,173,165,40,157,67,8,124
86,129,126,50,202,36,78,125
99,89,87,63,73,69,91,125
92,59,56,101,85,56,-169,124
93,98,99,63,120,50,-169,-164
55,50,52,40,154,51,177,124
83,25,90,40,167,51,116,88
79,26,35,40,166,51,-169,-164
73,32,62,41,168,49,60,55
55,73,80,41,91,83,28,49
59,59,119,50,89,102,42,85
69,67,101,105,69,103,-169,102
57,54,112,48,82,73,167,114
41,33,36,83,63,56,178,118
33,33,19,111,68,109,136,89
32,32,21,114,59,109,52,67
41,36,36,66,46,107,0,64
51,50,53,130,32,111,0,62
99,91,69,80,19,113,9,87
100,67,67,137,25,109,-169,-164
95,129,80,127,44,114,163,117
75,246,98,65,69,108,157,119
54,238,219,77,97,60,127,119
43,190,112,34,128,41,26,120
178,153,149,53,161,37,91,122
124,116,119,61,63,116,90,121
89,80,80,92,90,129,117,121
111,65,59,111,120,126,160,121
94,68,65,87,125,143,178,121
281,54,57,42,102,142,173,123
0,236,97,49,98,142,111,123
132,246,100,70,87,125,131,124
190,158,202,80,76,114,91,124
170,115,187,165,121,149,122,126
130,62,61,171,170,138,95,126
107,276,65,119,99,110,91,126
123,137,53,131,0,83,-169,-164
117,91,85,52,0,81,75,126
126,115,117,21,97,99,89,126
95,70,67,0,132,103,98,128
95,39,35,119,67,106,-169,-164
60,56,56,102,68,147,-169,-164
20,15,22,23,93,121,-169,-164
94,8,66,23,93,147,92,86
94,8,91,23,97,178,90,73
27,22,39,25,77,177,76,61
50,52,57,29,48,0,26,59
109,73,87,30,23,107,0,59
117,105,95,31,27,91,100,109
154,55,120,100,65,93,-169,-164
115,116,0,85,81,115,154,122
80,81,78,32,93,98,160,122
136,44,39,29,89,96,-169,-164
107,0,0,37,109,135,152,122
198,203,200,15,88,95,79,123
176,115,163,46,247,119,62,123
244,121,114,141,292,241,65,123
219,0,30,114,90,250,89,122
201,226,131,130,89,189,80,122
186,119,130,91,89,190,78,122
181,232,83,43,219,126,89,122
173,190,83,58,0,121,89,122
161,145,77,53,0,133,90,123
121,109,110,47,0,116,64,124
63,73,74,54,0,89,0,123
40,183,164,108,210,83,0,122
74,126,56,48,185,27,-169,122
101,94,94,53,143,75,87,122
64,56,55,121,79,75,160,123
77,45,32,85,86,74,-169,-164
66,32,30,116,88,75,163,87
67,40,29,87,89,74,0,85
70,38,37,87,75,72,0,62
88,65,56,94,64,74,13,86
84,70,53,91,80,67,132,119
103,55,100,49,110,59,160,120
72,67,72,39,138,53,-169,121
45,38,43,37,162,54,143,110
90,30,38,36,142,55,92,85
91,37,46,37,151,52,78,61
64,62,71,39,141,60,62,62
71,87,91,41,113,81,62,61
59,112,114,41,92,108,17,61
74,74,99,40,74,82,0,61
87,80,102,41,72,81,84,85
77,72,75,68,86,87,-169,-164
42,35,35,98,95,97,-169,-164
30,25,26,90,98,98,55,76
35,54,43,100,67,88,0,63
144,73,61,100,44,89,0,61
102,89,74,98,36,104,46,87
118,81,68,106,53,79,131,124
0,107,66,64,87,67,153,123
197,101,79,12,128,62,92,123
174,139,191,50,172,69,153,123
131,104,98,71,76,89,-169,123
92,71,67,82,92,164,120,125
121,46,44,113,95,151,164,126
89,86,89,82,103,132,177,124
0,239,41,42,111,145,160,124
148,218,100,66,102,140,91,123
129,174,206,101,60,152,-169,-164
172,129,184,147,99,161,110,123
144,87,134,165,145,145,91,124
127,40,39,166,140,121,146,125
92,141,85,129,191,236,100,125
102,216,129,142,226,71,47,125
107,90,80,58,213,104,52,126
125,115,119,23,300,104,90,126
77,67,75,36,97,104,-169,-164
91,36,36,81,71,109,-169,-164
76,78,17,74,56,72,178,126
36,30,33,18,86,128,175,126
125,4,9,16,96,131,108,87
11,3,61,17,94,120,91,63
26,26,34,20,72,0,90,60
55,54,61,24,42,0,42,60
73,79,81,25,30,106,90,88
68,67,68,28,50,0,161,122
131,31,77,77,79,122,178,121
123,0,126,84,72,108,178,121
91,88,86,10,85,118,178,121
0,145,48,15,124,109,-169,121
123,0,14,22,90,105,87,122
99,0,0,37,117,127,177,109
140,0,216,10,194,124,178,113
114,182,0,54,56,84,178,119
36,0,0,76,88,89,-169,120
148,234,237,213,159,156,0,121
215,206,0,204,94,155,0,121
183,143,127,163,159,220,58,121
187,119,109,151,0,232,90,122
182,156,93,154,89,173,-169,-164
238,112,66,57,130,142,90,121
205,187,90,59,0,110,90,121
163,157,84,67,0,124,91,121
103,118,115,0,0,128,28,121
90,85,84,116,0,101,18,122
54,191,159,0,247,100,-169,-164
85,129,126,36,194,38,50,123
106,95,91,113,246,73,119,124
84,66,61,127,78,56,136,124
98,55,46,115,113,49,-169,123
63,57,57,43,148,47,-169,124
37,29,54,42,163,49,107,93
36,28,87,42,160,48,91,77
66,44,71,44,142,47,91,61
59,73,80,47,127,75,32,58
47,79,109,49,97,114,-169,-164
69,68,92,70,76,85,2,61
79,78,78,69,77,82,-169,-164
84,62,60,103,65,83,159,126
29,27,54,112,70,83,-169,-164
112,60,71,78,59,81,21,59
113,142,87,104,36,102,-169,-164
99,145,91,108,39,105,91,103
92,168,138,80,61,101,154,119
75,140,138,73,95,56,115,126
238,173,101,47,140,48,116,124
190,144,92,81,184,106,112,124
112,103,95,114,87,110,-169,124
157,128,108,103,127,112,150,124
281,114,110,69,163,115,159,124
284,123,119,72,197,121,148,124
190,130,225,48,190,127,120,124
205,129,146,117,96,155,127,124
155,97,94,185,140,132,90,124
123,103,120,188,135,110,104,124
91,152,91,133,216,99,-169,-164
119,133,108,71,272,75,-169,-164
113,97,92,21,0,78,70,125
147,132,135,21,93,100,85,123
101,90,88,21,85,102,90,123
68,50,48,16,90,104,135,123
81,21,20,38,74,107,178,122
93,12,13,54,77,96,172,88
95,20,18,54,70,111,55,64
100,39,35,81,18,121,34,63
104,40,34,77,62,119,97,117
85,85,105,45,44,89,162,117
61,58,66,31,61,154,-169,-164
37,33,37,18,81,147,171,117
16,10,21,16,94,114,118,113
134,3,49,15,94,144,91,84
29,30,38,21,66,185,69,55
61,66,74,25,34,105,23,58
147,100,97,24,15,148,71,85
106,79,96,26,24,96,97,113
163,64,101,108,58,96,166,117
137,128,96,97,69,74,170,121
102,99,107,41,79,95,167,123
68,61,59,34,97,90,167,124
117,0,105,48,85,77,148,126
117,221,149,30,205,78,69,128
0,171,112,77,256,158,81,129
183,254,111,161,100,219,60,132
191,0,114,149,147,151,91,132
156,228,259,107,152,141,90,131
118,175,101,75,109,97,87,131
149,142,138,76,0,117,32,131
101,96,88,105,208,90,0,131
171,152,146,32,170,63,0,131
118,101,96,43,97,92,152,131
86,79,67,104,74,72,179,132
61,78,99,64,123,31,-169,131
59,33,63,60,160,34,-169,-164
67,19,90,59,167,32,92,76
50,35,93,63,139,28,91,57
42,69,78,68,87,54,24,57
31,32,71,70,95,100,0,51
80,75,69,82,62,71,57,87
85,78,66,80,80,73,91,116
140,61,58,114,83,75,-169,-164
144,55,62,117,83,74,61,72
101,160,87,113,40,111,18,49
85,102,104,108,33,112,90,107
76,142,90,88,66,92,128,125
59,131,94,81,109,45,91,124
215,159,88,43,155,47,91,124
127,114,114,69,62,0,90,124
83,74,113,71,96,170,-169,-164
59,54,47,145,89,115,178,123
101,97,78,53,88,118,178,125
0,273,0,60,103,135,175,124
125,127,120,72,101,118,95,125
107,129,183,112,151,123,92,124
149,139,138,85,148,152,92,124
126,101,96,190,142,124,135,124
97,114,153,198,185,114,-169,-164
79,190,100,149,116,79,91,125
100,148,142,94,125,68,91,125
98,174,101,45,153,55,48,125
147,126,131,45,176,75,80,124
99,88,94,44,102,83,65,124
62,54,49,35,91,84,91,120
54,26,30,38,156,90,116,90
83,23,27,42,157,90,90,89
92,23,27,42,135,89,91,88
113,23,27,43,158,117,91,87
84,23,27,41,158,96,91,87
89,23,27,42,156,112,90,88
113,23,27,42,156,88,-169,-164
86,23,28,42,156,86,91,87
84,23,28,42,155,87,91,87
83,23,28,42,156,89,90,88
85,23,27,42,157,112,91,87
85,23,28,42,156,88,-169,-164
84,23,27,42,157,88,90,88
84,23,27,42,158,88,91,88
86,23,27,41,157,89,91,87
83,23,27,42,156,90,90,88
85,23,27,42,156,90,91,88
83,23,27,42,156,88,-169,85
85,23,27,42,157,88,-169,85
88,23,27,42,158,87,-169,86
82,23,28,41,156,89,-169,86
99,22,27,41,156,89,-169,85
85,23,28,42,156,87,-169,-164
84,23,27,42,157,88,-169,85
82,23,28,42,157,87,-169,86
84,23,28,42,156,89,-169,86
85,23,27,42,157,89,-169,86
84,23,28,42,157,88,-169,85
84,23,28,42,156,88,-169,85
83,23,27,42,159,89,-169,86
85,23,28,42,157,87,-169,86
98,23,28,41,158,87,-169,85
99,22,27,39,156,87,-169,-164
83,23,28,41,157,88,-169,85
85,23,27,42,157,89,-169,86
85,23,27,42,157,88,-169,86
84,23,27,39,157,88,-169,86
95,23,28,41,159,88,-169,85
86,23,27,42,158,88,-169,-164
84,23,27,42,157,89,-169,85
84,23,27,41,156,88,-169,86
86,23,28,42,0,89,-169,86
85,23,28,42,157,87,-169,86
90,23,27,42,157,88,-169,85
84,22,28,42,159,87,-169,85
